-- phpMyAdmin SQL Dump
-- version 5.0.3
-- https://www.phpmyadmin.net/
--
-- Host: 127.0.0.1
-- Tempo de geração: 17-Mar-2021 às 22:47
-- Versão do servidor: 10.4.14-MariaDB
-- versão do PHP: 7.4.11

SET SQL_MODE = "NO_AUTO_VALUE_ON_ZERO";
START TRANSACTION;
SET time_zone = "+00:00";


/*!40101 SET @OLD_CHARACTER_SET_CLIENT=@@CHARACTER_SET_CLIENT */;
/*!40101 SET @OLD_CHARACTER_SET_RESULTS=@@CHARACTER_SET_RESULTS */;
/*!40101 SET @OLD_COLLATION_CONNECTION=@@COLLATION_CONNECTION */;
/*!40101 SET NAMES utf8mb4 */;

--
-- Banco de dados: `pizzaria`
--

-- --------------------------------------------------------

--
-- Estrutura da tabela `backlog`
--

CREATE TABLE `backlog` (
  `log_id` int(11) NOT NULL,
  `log_email` varchar(100) NOT NULL,
  `log_senha` varchar(100) NOT NULL
) ENGINE=InnoDB DEFAULT CHARSET=utf8mb4;

--
-- Extraindo dados da tabela `backlog`
--

INSERT INTO `backlog` (`log_id`, `log_email`, `log_senha`) VALUES
(1, 'admin@mail.com', 'MTIz');

-- --------------------------------------------------------

--
-- Estrutura da tabela `cliente`
--

CREATE TABLE `cliente` (
  `client_id` int(11) NOT NULL,
  `client_email` varchar(50) NOT NULL,
  `client_senha` varchar(50) NOT NULL,
  `client_nome` varchar(50) NOT NULL,
  `client_sobrenome` varchar(50) NOT NULL,
  `client_morada` varchar(50) NOT NULL,
  `client_distrito` varchar(50) NOT NULL,
  `client_concelho` varchar(50) NOT NULL,
  `client_freguesia` varchar(50) NOT NULL,
  `client_cod_postal` varchar(50) NOT NULL,
  `client_telef` varchar(50) NOT NULL,
  `client_nif` varchar(50) NOT NULL
) ENGINE=InnoDB DEFAULT CHARSET=utf8mb4;

--
-- Extraindo dados da tabela `cliente`
--

INSERT INTO `cliente` (`client_id`, `client_email`, `client_senha`, `client_nome`, `client_sobrenome`, `client_morada`, `client_distrito`, `client_concelho`, `client_freguesia`, `client_cod_postal`, `client_telef`, `client_nif`) VALUES
(1, 'carolina96domingos@hotmail.com', '123', 'Carolina', 'Domingos', 'Rua Fialho de Almeida', '26', '252', '2372', '7570-779', '967519031', '255792336');

-- --------------------------------------------------------

--
-- Estrutura da tabela `concelhos`
--

CREATE TABLE `concelhos` (
  `concelhoid` int(11) NOT NULL,
  `distritoid` int(11) NOT NULL,
  `concelho` text NOT NULL
) ENGINE=InnoDB DEFAULT CHARSET=latin1;

--
-- Extraindo dados da tabela `concelhos`
--

INSERT INTO `concelhos` (`concelhoid`, `distritoid`, `concelho`) VALUES
(1, 1, 'Águeda'),
(2, 1, 'Albergaria-a-Velha'),
(3, 1, 'Anadia'),
(4, 1, 'Arouca'),
(5, 1, 'Aveiro'),
(6, 1, 'Castelo de Paiva'),
(7, 1, 'Espinho'),
(8, 1, 'Estarreja'),
(9, 1, 'Ílhavo'),
(10, 1, 'Mealhada'),
(11, 1, 'Murtosa'),
(12, 1, 'Oliveira de Azeméis'),
(13, 1, 'Oliveira do Bairro'),
(14, 1, 'Ovar'),
(15, 1, 'Santa Maria da Feira'),
(16, 1, 'São João da Madeira'),
(17, 1, 'Sever do Vouga'),
(18, 1, 'Vagos'),
(19, 1, 'Vale de Cambra'),
(20, 2, 'Aljustrel'),
(21, 2, 'Almodôvar'),
(22, 2, 'Alvito'),
(23, 2, 'Barrancos'),
(24, 2, 'Beja'),
(25, 2, 'Castro Verde'),
(26, 2, 'Cuba'),
(27, 2, 'Ferreira do Alentejo'),
(28, 2, 'Mértola'),
(29, 2, 'Moura'),
(30, 2, 'Odemira'),
(31, 2, 'Ourique'),
(32, 2, 'Serpa'),
(33, 2, 'Vidigueira'),
(34, 3, 'Amares'),
(35, 3, 'Barcelos'),
(36, 3, 'Braga'),
(37, 3, 'Cabeceiras de Basto'),
(38, 3, 'Celorico de Basto'),
(39, 3, 'Esposende'),
(40, 3, 'Fafe'),
(41, 3, 'Guimarães'),
(42, 3, 'Póvoa de Lanhoso'),
(43, 3, 'Terras de Bouro'),
(44, 3, 'Vieira do Minho'),
(45, 3, 'Vila Nova de Famalicão'),
(46, 3, 'Vila Verde'),
(47, 3, 'Vizela'),
(48, 4, 'Alfândega da Fé'),
(49, 4, 'Bragança'),
(50, 4, 'Carrazeda de Ansiães'),
(51, 4, 'Freixo de Espada à Cinta'),
(52, 4, 'Macedo de Cavaleiros'),
(53, 4, 'Miranda do Douro'),
(54, 4, 'Mirandela'),
(55, 4, 'Mogadouro'),
(56, 4, 'Torre de Moncorvo'),
(57, 4, 'Vila Flor'),
(58, 4, 'Vimioso'),
(59, 4, 'Vinhais'),
(60, 5, 'Belmonte'),
(61, 5, 'Castelo Branco'),
(62, 5, 'Covilhã'),
(63, 5, 'Fundão'),
(64, 5, 'Idanha-a-Nova'),
(65, 5, 'Oleiros'),
(66, 5, 'Penamacor'),
(67, 5, 'Proença-a-Nova'),
(68, 5, 'Sertã'),
(69, 5, 'Vila de Rei'),
(70, 5, 'Vila Velha de Ródão'),
(71, 6, 'Arganil'),
(72, 6, 'Cantanhede'),
(73, 6, 'Coimbra'),
(74, 6, 'Condeixa-a-Nova'),
(75, 6, 'Figueira da Foz'),
(76, 6, 'Góis'),
(77, 6, 'Lousã'),
(78, 6, 'Mira'),
(79, 6, 'Miranda do Corvo'),
(80, 6, 'Montemor-o-Velho'),
(81, 6, 'Oliveira do Hospital'),
(82, 6, 'Pampilhosa da Serra'),
(83, 6, 'Penacova'),
(84, 6, 'Penela'),
(85, 6, 'Soure'),
(86, 6, 'Tábua'),
(87, 6, 'Vila Nova de Poiares'),
(88, 7, 'Alandroal'),
(89, 7, 'Arraiolos'),
(90, 7, 'Borba'),
(91, 7, 'Estremoz'),
(92, 7, 'Évora'),
(93, 7, 'Montemor-o-Novo'),
(94, 7, 'Mora'),
(95, 7, 'Mourão'),
(96, 7, 'Portel'),
(97, 7, 'Redondo'),
(98, 7, 'Reguengos de Monsaraz'),
(99, 7, 'Vendas Novas'),
(100, 7, 'Viana do Alentejo'),
(101, 7, 'Vila Viçosa'),
(102, 8, 'Albufeira'),
(103, 8, 'Alcoutim'),
(104, 8, 'Aljezur'),
(105, 8, 'Castro Marim'),
(106, 8, 'Faro'),
(107, 8, 'Lagoa (Algarve)'),
(108, 8, 'Lagos'),
(109, 8, 'Loulé'),
(110, 8, 'Monchique'),
(111, 8, 'Olhão'),
(112, 8, 'Portimão'),
(113, 8, 'São Brás de Alportel'),
(114, 8, 'Silves'),
(115, 8, 'Tavira'),
(116, 8, 'Vila do Bispo'),
(117, 8, 'Vila Real de Santo António'),
(118, 9, 'Aguiar da Beira'),
(119, 9, 'Almeida'),
(120, 9, 'Celorico da Beira'),
(121, 9, 'Figueira de Castelo Rodrigo'),
(122, 9, 'Fornos de Algodres'),
(123, 9, 'Gouveia'),
(124, 9, 'Guarda'),
(125, 9, 'Manteigas'),
(126, 9, 'Meda'),
(127, 9, 'Pinhel'),
(128, 9, 'Sabugal'),
(129, 9, 'Seia'),
(130, 9, 'Trancoso'),
(131, 9, 'Vila Nova de Foz Côa'),
(132, 10, 'Santa Cruz da Graciosa'),
(133, 11, 'Calheta (Madeira)'),
(134, 11, 'Câmara de Lobos'),
(135, 11, 'Funchal'),
(136, 11, 'Machico'),
(137, 11, 'Ponta do Sol'),
(138, 11, 'Porto Moniz'),
(139, 11, 'Ribeira Brava'),
(140, 11, 'Santa Cruz'),
(141, 11, 'Santana'),
(142, 11, 'São Vicente'),
(143, 12, 'Lajes das Flores'),
(144, 12, 'Santa Cruz das Flores'),
(145, 13, 'Porto Santo'),
(146, 14, 'Vila do Porto'),
(147, 15, 'Calheta (São Jorge)'),
(148, 15, 'Velas'),
(149, 16, 'Lagoa (São Miguel)'),
(150, 16, 'Nordeste'),
(151, 16, 'Ponta Delgada'),
(152, 16, 'Povoação'),
(153, 16, 'Ribeira Grande'),
(154, 16, 'Vila Franca do Campo'),
(155, 17, 'Corvo'),
(156, 18, 'Horta'),
(157, 19, 'Lajes do Pico'),
(158, 19, 'Madalena'),
(159, 19, 'São Roque do Pico'),
(160, 20, 'Angra do Heroísmo'),
(161, 20, 'Praia da Vitória'),
(162, 21, 'Alcobaça'),
(163, 21, 'Alvaiázere'),
(164, 21, 'Ansião'),
(165, 21, 'Batalha'),
(166, 21, 'Bombarral'),
(167, 21, 'Caldas da Rainha'),
(168, 21, 'Castanheira de Pêra'),
(169, 21, 'Figueiró dos Vinhos'),
(170, 21, 'Leiria'),
(171, 21, 'Marinha Grande'),
(172, 21, 'Nazaré'),
(173, 21, 'Óbidos'),
(174, 21, 'Pedrógão Grande'),
(175, 21, 'Peniche'),
(176, 21, 'Pombal'),
(177, 21, 'Porto de Mós'),
(178, 22, 'Alenquer'),
(179, 22, 'Amadora'),
(180, 22, 'Arruda dos Vinhos'),
(181, 22, 'Azambuja'),
(182, 22, 'Cadaval'),
(183, 22, 'Cascais'),
(184, 22, 'Lisboa'),
(185, 22, 'Loures'),
(186, 22, 'Lourinhã'),
(187, 22, 'Mafra'),
(188, 22, 'Odivelas'),
(189, 22, 'Oeiras'),
(190, 22, 'Sintra'),
(191, 22, 'Sobral de Monte Agraço'),
(192, 22, 'Torres Vedras'),
(193, 22, 'Vila Franca de Xira'),
(194, 23, 'Alter do Chão'),
(195, 23, 'Arronches'),
(196, 23, 'Avis'),
(197, 23, 'Campo Maior'),
(198, 23, 'Castelo de Vide'),
(199, 23, 'Crato'),
(200, 23, 'Elvas'),
(201, 23, 'Fronteira'),
(202, 23, 'Gavião'),
(203, 23, 'Marvão'),
(204, 23, 'Monforte'),
(205, 23, 'Nisa'),
(206, 23, 'Ponte de Sor'),
(207, 23, 'Portalegre'),
(208, 23, 'Sousel'),
(209, 24, 'Amarante'),
(210, 24, 'Baião'),
(211, 24, 'Felgueiras'),
(212, 24, 'Gondomar'),
(213, 24, 'Lousada'),
(214, 24, 'Maia'),
(215, 24, 'Marco de Canaveses'),
(216, 24, 'Matosinhos'),
(217, 24, 'Paços de Ferreira'),
(218, 24, 'Paredes'),
(219, 24, 'Penafiel'),
(220, 24, 'Porto'),
(221, 24, 'Póvoa de Varzim'),
(222, 24, 'Santo Tirso'),
(223, 24, 'Trofa'),
(224, 24, 'Valongo'),
(225, 24, 'Vila do Conde'),
(226, 24, 'Vila Nova de Gaia'),
(227, 25, 'Abrantes'),
(228, 25, 'Alcanena'),
(229, 25, 'Almeirim'),
(230, 25, 'Alpiarça'),
(231, 25, 'Benavente'),
(232, 25, 'Cartaxo'),
(233, 25, 'Chamusca'),
(234, 25, 'Constância'),
(235, 25, 'Coruche'),
(236, 25, 'Entroncamento'),
(237, 25, 'Ferreira do Zêzere'),
(238, 25, 'Golegã'),
(239, 25, 'Mação'),
(240, 25, 'Ourém'),
(241, 25, 'Rio Maior'),
(242, 25, 'Salvaterra de Magos'),
(243, 25, 'Santarém'),
(244, 25, 'Sardoal'),
(245, 25, 'Tomar'),
(246, 25, 'Torres Novas'),
(247, 25, 'Vila Nova da Barquinha'),
(248, 26, 'Alcácer do Sal'),
(249, 26, 'Alcochete'),
(250, 26, 'Almada'),
(251, 26, 'Barreiro'),
(252, 26, 'Grândola'),
(253, 26, 'Moita'),
(254, 26, 'Montijo'),
(255, 26, 'Palmela'),
(256, 26, 'Santiago do Cacém'),
(257, 26, 'Seixal'),
(258, 26, 'Sesimbra'),
(259, 26, 'Setúbal'),
(260, 26, 'Sines'),
(261, 27, 'Arcos de Valdevez'),
(262, 27, 'Caminha'),
(263, 27, 'Melgaço'),
(264, 27, 'Monção'),
(265, 27, 'Paredes de Coura'),
(266, 27, 'Ponte da Barca'),
(267, 27, 'Ponte de Lima'),
(268, 27, 'Valença'),
(269, 27, 'Viana do Castelo'),
(270, 27, 'Vila Nova de Cerveira'),
(271, 28, 'Alijó'),
(272, 28, 'Boticas'),
(273, 28, 'Chaves'),
(274, 28, 'Mesão Frio'),
(275, 28, 'Mondim de Basto'),
(276, 28, 'Montalegre'),
(277, 28, 'Murça'),
(278, 28, 'Peso da Régua'),
(279, 28, 'Ribeira de Pena'),
(280, 28, 'Sabrosa'),
(281, 28, 'Santa Marta de Penaguião'),
(282, 28, 'Valpaços'),
(283, 28, 'Vila Pouca de Aguiar'),
(284, 28, 'Vila Real'),
(285, 29, 'Armamar'),
(286, 29, 'Carregal do Sal'),
(287, 29, 'Castro Daire'),
(288, 29, 'Cinfães'),
(289, 29, 'Lamego'),
(290, 29, 'Mangualde'),
(291, 29, 'Moimenta da Beira'),
(292, 29, 'Mortágua'),
(293, 29, 'Nelas'),
(294, 29, 'Oliveira de Frades'),
(295, 29, 'Penalva do Castelo'),
(296, 29, 'Penedono'),
(297, 29, 'Resende'),
(298, 29, 'Santa Comba Dão'),
(299, 29, 'São João da Pesqueira'),
(300, 29, 'São Pedro do Sul'),
(301, 29, 'Sátão'),
(302, 29, 'Sernancelhe'),
(303, 29, 'Tabuaço'),
(304, 29, 'Tarouca'),
(305, 29, 'Tondela'),
(306, 29, 'Vila Nova de Paiva'),
(307, 29, 'Viseu'),
(308, 29, 'Vouzela');

-- --------------------------------------------------------

--
-- Estrutura da tabela `distritos`
--

CREATE TABLE `distritos` (
  `distritosid` int(11) NOT NULL,
  `distrito` text NOT NULL
) ENGINE=InnoDB DEFAULT CHARSET=latin1;

--
-- Extraindo dados da tabela `distritos`
--

INSERT INTO `distritos` (`distritosid`, `distrito`) VALUES
(1, 'Aveiro'),
(2, 'Beja'),
(3, 'Braga'),
(4, 'Bragança'),
(5, 'Castelo Branco'),
(6, 'Coimbra'),
(7, 'Évora'),
(8, 'Faro'),
(9, 'Guarda'),
(10, 'Graciosa'),
(11, 'Madeira'),
(12, 'Flores'),
(13, 'Porto Santo'),
(14, 'Santa Maria'),
(15, 'São Jorge'),
(16, 'São Miguel'),
(17, 'Corvo'),
(18, 'Faial'),
(19, 'Pico'),
(20, 'Terceira'),
(21, 'Leiria'),
(22, 'Lisboa'),
(23, 'Portalegre'),
(24, 'Porto'),
(25, 'Santarém'),
(26, 'Setúbal'),
(27, 'Viana do Castelo'),
(28, 'Vila Real'),
(29, 'Viseu');

-- --------------------------------------------------------

--
-- Estrutura da tabela `encomenda`
--

CREATE TABLE `encomenda` (
  `enc_id` int(11) NOT NULL,
  `enc_nome` varchar(50) NOT NULL,
  `enc_morada` varchar(50) NOT NULL,
  `enc_cod_postal` varchar(50) NOT NULL,
  `enc_telef` int(9) NOT NULL,
  `enc_data` varchar(50) NOT NULL,
  `enc_tipo` varchar(50) NOT NULL,
  `enc_quant` int(100) NOT NULL,
  `enc_taxa` int(9) NOT NULL,
  `enc_msg` text NOT NULL
) ENGINE=InnoDB DEFAULT CHARSET=utf8mb4;

--
-- Extraindo dados da tabela `encomenda`
--

INSERT INTO `encomenda` (`enc_id`, `enc_nome`, `enc_morada`, `enc_cod_postal`, `enc_telef`, `enc_data`, `enc_tipo`, `enc_quant`, `enc_taxa`, `enc_msg`) VALUES
(1, 'Maria Carolina Domingos', 'Rua Fialho de Almeida', '2910-493', 967519031, '12:00 03/17/2021', 'chocolate', 5, 2, 'teste'),
(2, ' Carolina Domingos', 'Rua da Mina', '7570-779', 967519031, '', 'chocolate', 2, 2, 'encomenda - teste'),
(3, 'Ema', 'Rua Flor', '2520', 11223344, '13:15 03/26/2021', 'carbonara', 1, 2, 'pizza!!');

-- --------------------------------------------------------

--
-- Estrutura da tabela `freguesias`
--

CREATE TABLE `freguesias` (
  `freguesiaid` int(11) NOT NULL,
  `concelhoid` int(11) NOT NULL,
  `freguesia` varchar(150) NOT NULL
) ENGINE=InnoDB DEFAULT CHARSET=latin1;

--
-- Extraindo dados da tabela `freguesias`
--

INSERT INTO `freguesias` (`freguesiaid`, `concelhoid`, `freguesia`) VALUES
(1, 1, 'Aguada de Cima'),
(2, 1, 'Águeda e Borralha'),
(3, 1, 'Barrô e Aguada de Baixo'),
(4, 1, 'Belazaima do Chão, Castanheira do Vouga e Agadão'),
(5, 1, 'Fermentelos'),
(6, 1, 'Macinhata do Vouga'),
(7, 1, 'Préstimo e Macieira de Alcoba'),
(8, 1, 'Recardães e Espinhel'),
(9, 1, 'Travessô e Óis da Ribeira'),
(10, 1, 'Trofa, Segadães e Lamas do Vouga'),
(11, 1, 'Valongo do Vouga'),
(12, 2, 'Albergaria-a-Velha e Valmaior'),
(13, 2, 'Alquerubim'),
(14, 2, 'Angueja'),
(15, 2, 'Branca'),
(16, 2, 'Ribeira de Fráguas'),
(17, 2, 'São João de Loure e Frossos'),
(18, 3, 'Amoreira e Gândara, Paredes do Bairro e Ancas'),
(19, 3, 'Arcos e Mogofores'),
(20, 3, 'Avelãs de Caminho'),
(21, 3, 'Avelãs de Cima'),
(22, 3, 'Moita'),
(23, 3, 'Sangalhos'),
(24, 3, 'São Lourenço do Bairro'),
(25, 3, 'Tamengos, Aguim e Óis do Bairro'),
(26, 3, 'Vila Nova do Monsarros'),
(27, 3, 'Vilarinho do Bairro'),
(28, 4, 'Alvarenga'),
(29, 4, 'Arouca e Burgo'),
(30, 4, 'Cabreiros e Albergaria da Serra'),
(31, 4, 'Canelas e Espiunca'),
(32, 4, 'Chave'),
(33, 4, 'Covelo de Paivó e Janarde'),
(34, 4, 'Escariz'),
(35, 4, 'Fermedo'),
(36, 4, 'Mansores'),
(37, 4, 'Moldes'),
(38, 4, 'Rossas'),
(39, 4, 'Santa Eulália'),
(40, 4, 'São Miguel do Mato'),
(41, 4, 'Tropeço'),
(42, 4, 'Urrô'),
(43, 4, 'Várzea'),
(44, 5, 'Aradas'),
(45, 5, 'Cacia'),
(46, 5, 'Eixo e Eirol'),
(47, 5, 'Esgueira'),
(48, 5, 'Glória e Vera Cruz'),
(49, 5, 'Oliveirinha'),
(50, 5, 'Requeixo, Nossa Senhora de Fátima e Nariz'),
(51, 5, 'Santa Joana'),
(52, 5, 'São Bernardo'),
(53, 5, 'São Jacinto'),
(54, 6, 'Fornos'),
(55, 6, 'Raiva, Pedorido e Paraíso'),
(56, 6, 'Real'),
(57, 6, 'Santa Maria da Sardoura'),
(58, 6, 'Sobrado e Bairros'),
(59, 7, 'Anta e Guetim'),
(60, 7, 'Espinho'),
(61, 7, 'Paramos'),
(62, 7, 'Silvalde'),
(63, 8, 'Avanca'),
(64, 8, 'Beduído e Veiros'),
(65, 8, 'Canelas e Fermelã'),
(66, 8, 'Pardilhó'),
(67, 8, 'Salreu'),
(68, 9, 'Gafanha da Encarnação'),
(69, 9, 'Gafanha da Nazaré'),
(70, 9, 'Gafanha do Carmo'),
(71, 9, 'Ílhavo (São Salvador)'),
(72, 10, 'Barcouço'),
(73, 10, 'Casal Comba'),
(74, 10, 'Luso'),
(75, 10, 'Mealhada, Ventosa do Bairro e Antes'),
(76, 10, 'Pampilhosa'),
(77, 10, 'Vacariça'),
(78, 11, 'Bunheiro'),
(79, 11, 'Monte'),
(80, 11, 'Murtosa'),
(81, 11, 'Torreira'),
(82, 12, 'Carregosa'),
(83, 12, 'Cesar'),
(84, 12, 'Fajões'),
(85, 12, 'Loureiro'),
(86, 12, 'Macieira de Sarnes'),
(87, 12, 'Nogueira do Cravo e Pindelo'),
(88, 12, 'O. Azemeis, Riba-UI,UI, Macinhata Seixa, Madail'),
(89, 12, 'Ossela'),
(90, 12, 'Pinheiro da Bemposta, Travanca e Palmaz'),
(91, 12, 'São Martinho da Gândara'),
(92, 12, 'São Roque'),
(93, 12, 'Vila de Cucujães'),
(94, 13, 'Bustos, Troviscal e Mamarrosa'),
(95, 13, 'Oiã'),
(96, 13, 'Oliveira do Bairro'),
(97, 13, 'Palhaça'),
(98, 14, 'Cortegaça'),
(99, 14, 'Esmoriz'),
(100, 14, 'Maceda'),
(101, 14, 'Ovar, São João, Arada e S.Vicente de Pereira Jusã'),
(102, 14, 'Válega'),
(103, 15, 'Argoncilhe'),
(104, 15, 'Arrifana'),
(105, 15, 'Caldas de São Jorge e Pigeiros'),
(106, 15, 'Canedo, Vale e Vila Maior'),
(107, 15, 'Escapães'),
(108, 15, 'Fiães'),
(109, 15, 'Fornos'),
(110, 15, 'Lobão, Gião, Louredo e Guisande'),
(111, 15, 'Lourosa'),
(112, 15, 'Milheirós de Poiares'),
(113, 15, 'Mozelos'),
(114, 15, 'Nogueira da Regedoura'),
(115, 15, 'Paços de Brandão'),
(116, 15, 'Rio Meão'),
(117, 15, 'Romariz'),
(118, 15, 'Sanguedo'),
(119, 15, 'Santa Maria da Feira, Travanca, Sanfins e Espargo'),
(120, 15, 'Santa Maria de Lamas'),
(121, 15, 'São João de Ver'),
(122, 15, 'São Miguel do Souto e Mosteirô'),
(123, 15, 'São Paio de Oleiros'),
(124, 17, 'Cedrim e Paradela'),
(125, 17, 'Couto de Esteves'),
(126, 17, 'Pessegueiro do Vouga'),
(127, 17, 'Rocas do Vouga'),
(128, 17, 'Sever do Vouga'),
(129, 17, 'Silva Escura e Dornelas'),
(130, 17, 'Talhadas'),
(131, 18, 'Calvão'),
(132, 18, 'Fonte de Agião e Covão do Lobo'),
(133, 18, 'Gafanha da Boa Hora'),
(134, 18, 'Ouca'),
(135, 18, 'Ponte de Vagos e Santa Catarina'),
(136, 18, 'Santo André de Vagos'),
(137, 18, 'Sosa'),
(138, 18, 'Vagos e Santo António'),
(139, 19, 'Arões'),
(140, 19, 'Cepelos'),
(141, 19, 'Junqueira'),
(142, 19, 'Macieira de Cambra'),
(143, 19, 'Roge'),
(144, 19, 'São Pedro de Castelões'),
(145, 19, 'Vila Chã, Codal e Vila Cova de Perrinho'),
(146, 20, 'Aljustrel e Rio de Moinhos'),
(147, 20, 'Ervidel'),
(148, 20, 'Messejana'),
(149, 20, 'São João de Negrilhos'),
(150, 21, 'Aldeia dos Fernandes'),
(151, 21, 'Almodôvar e Graça dos Padrões'),
(152, 21, 'Rosário'),
(153, 21, 'Santa Clara-a-Nova e Gomes Aires'),
(154, 21, 'Santa Cruz'),
(155, 21, 'São Barnabé'),
(156, 22, 'Alvito'),
(157, 22, 'Vila Nova da Baronia'),
(158, 23, 'Barrancos'),
(159, 24, 'Albernoa e Trindade'),
(160, 24, 'Baleizão'),
(161, 24, 'Beja (Salvador e Santa Maria da Feira)'),
(162, 24, 'Beja (São Tiago Maior e São João Baptista)'),
(163, 24, 'Beringel'),
(164, 24, 'Cabeça Gorda'),
(165, 24, 'Nossa Senhora das Neves'),
(166, 24, 'Salvada e Quintos'),
(167, 24, 'Santa Clara de Louredo'),
(168, 24, 'Santa Vitória de Monbeja'),
(169, 24, 'São Matias'),
(170, 24, 'Trigaches e São Brissos'),
(171, 25, 'Castro Verde e Casével'),
(172, 25, 'Entradas'),
(173, 25, 'Santa Bárbara de Padrões'),
(174, 25, 'São Marcos da Ataboeira'),
(175, 26, 'Cuba'),
(176, 26, 'Faro do Alentejo'),
(177, 26, 'Vila Alva'),
(178, 26, 'Vila Ruiva'),
(179, 27, 'Alfundão e Peroguarda'),
(180, 27, 'Ferreira do Alentejo e Canhestros'),
(181, 27, 'Figueira dos Cavaleiros'),
(182, 27, 'Odivelas'),
(183, 28, 'Alcaria Ruiva'),
(184, 28, 'Corte do Pinto'),
(185, 28, 'Espírito Santo'),
(186, 28, 'Mértola'),
(187, 28, 'S.Mig. Pinheiro, S.Pedro Solis, S.Sebastião Carros'),
(188, 28, 'Santana de Cambas'),
(189, 28, 'São João dos Caldeireiros'),
(190, 29, 'Amareleja'),
(191, 29, 'Póvoa de São Miguel'),
(192, 29, 'Safara e Santo Aleixo da Restauração'),
(193, 29, 'Santo Agostinho e São João Baptista e Santo Amador'),
(194, 29, 'Sobral da Adiça'),
(195, 30, 'Boa Vista dos Pinheiros'),
(196, 30, 'Colos'),
(197, 30, 'Longueira/Almograve'),
(198, 30, 'Luzianes-Gare'),
(199, 30, 'Relíquias'),
(200, 30, 'Sabóia'),
(201, 30, 'Santa Clara-a-Velha'),
(202, 30, 'São Luis'),
(203, 30, 'São Martinho das Amoreiras'),
(204, 30, 'São Salvador e Santa Maria'),
(205, 30, 'São Teotónio'),
(206, 30, 'Vale de Santiago'),
(207, 30, 'Vila Nova de Milfontes'),
(208, 31, 'Garvão e Santa Luzia'),
(209, 31, 'Ourique'),
(210, 31, 'Panoias e Conceição'),
(211, 31, 'Santana da Serra'),
(212, 32, 'Brinches'),
(213, 32, 'Pias'),
(214, 32, 'Serpa (Salvador e Santa Maria)'),
(215, 32, 'Vila Nova de São Bento e Vale de Vargo'),
(216, 32, 'Vila Verde de Ficalho'),
(217, 33, 'Pedrógão'),
(218, 33, 'Selmes'),
(219, 33, 'Vidigueira'),
(220, 33, 'Vila de Frades'),
(221, 34, 'Amares e Figueiredo'),
(222, 34, 'Barreiros'),
(223, 34, 'Bico'),
(224, 34, 'Bouro (Santa Maria)'),
(225, 34, 'Bouro (Santa Marta)'),
(226, 34, 'Caires'),
(227, 34, 'Caldelas, Sequeiros e Paranhos'),
(228, 34, 'Carrazedo'),
(229, 34, 'Dornelas'),
(230, 34, 'Ferreiros, Prozelo e Besteiros'),
(231, 34, 'Fiscal'),
(232, 34, 'Goães'),
(233, 34, 'Lago'),
(234, 34, 'Rendufe'),
(235, 34, 'Torre e Portela'),
(236, 34, 'Vilela, Serramil e Paredes Secas'),
(237, 35, 'Abade de Neiva'),
(238, 35, 'Aborim'),
(239, 35, 'Adães'),
(240, 35, 'Airó'),
(241, 35, 'Aldreu'),
(242, 35, 'Alheira e Igreja Nova'),
(243, 35, 'Alvelos'),
(244, 35, 'Alvito (São Pedro e São Martinho) e Couto'),
(245, 35, 'Arcozelo'),
(246, 35, 'Areias'),
(247, 35, 'Areias de Vilar e Encourados'),
(248, 35, 'Balugães'),
(249, 35, 'Barcelinhos'),
(250, 35, 'Barcelos, V.Boa, V.Frescainha'),
(251, 35, 'Barqueiros'),
(252, 35, 'Cambeses'),
(253, 35, 'Campo e Tamel (São Pedro Fins)'),
(254, 35, 'Carapeços'),
(255, 35, 'Carreira e Fonte Coberta'),
(256, 35, 'Carvalhal'),
(257, 35, 'Carvalhos'),
(258, 35, 'Chorente, Góios, Courel, Pedra Furada e Gueral'),
(259, 35, 'Cossourado'),
(260, 35, 'Creixomil e Mariz'),
(261, 35, 'Cristelo'),
(262, 35, 'Durrães e Tregosa'),
(263, 35, 'Fornelos'),
(264, 35, 'Fragoso'),
(265, 35, 'Galegos (Santa Maria)'),
(266, 35, 'Galegos (São Martinho)'),
(267, 35, 'Gamil e Midões'),
(268, 35, 'Gilmonde'),
(269, 35, 'Lama'),
(270, 35, 'Lijó'),
(271, 35, 'Macieira de Rates'),
(272, 35, 'Manhente'),
(273, 35, 'Martim'),
(274, 35, 'Milhazes, Vilar de Figos e Faria'),
(275, 35, 'Moure'),
(276, 35, 'Negreiros e Chavão'),
(277, 35, 'Oliveira'),
(278, 35, 'Palme'),
(279, 35, 'Panque'),
(280, 35, 'Paradela'),
(281, 35, 'Pereira'),
(282, 35, 'Perelhal'),
(283, 35, 'Pousa'),
(284, 35, 'Quintiães e Aguiar'),
(285, 35, 'Remelhe'),
(286, 35, 'Rio Covo (Santa Eugénia)'),
(287, 35, 'Roriz'),
(288, 35, 'Sequeada e Bastuço (São João e Santo Estevão)'),
(289, 35, 'Silva'),
(290, 35, 'Silveiros e Rio Covo (Santa Eulália)'),
(291, 35, 'Tamel (Santa Leocádia) e Vilar do Monte'),
(292, 35, 'Tamel (São Verissimo)'),
(293, 35, 'Ucha'),
(294, 35, 'Várzea'),
(295, 35, 'Viatodos, Grimancelos, Minhotães, Monte Fralães'),
(296, 35, 'Vila Cova e Feitos'),
(297, 35, 'Vila Seca'),
(298, 36, 'Adaufe'),
(299, 36, 'Arentim e Cunha'),
(300, 36, 'Braga (Maximinos, Sé e Cividade)'),
(301, 36, 'Braga (São José de São Lázaro e São João do Souto)'),
(302, 36, 'Braga (São Vicente)'),
(303, 36, 'Braga (São Vítor)'),
(304, 36, 'Cabreiros e Passos (São Julião)'),
(305, 36, 'Celeirós, Aveleda e Vimieiro'),
(306, 36, 'Crespos e Pousada'),
(307, 36, 'Escudeiros e Penso (Santo Estevão e São Vicente)'),
(308, 36, 'Espinho'),
(309, 36, 'Esporões'),
(310, 36, 'Este (São Pedro e São Mamede)'),
(311, 36, 'Ferreiros e Gondizalves'),
(312, 36, 'Figeiredo'),
(313, 36, 'Gualter'),
(314, 36, 'Guisande e Oliveira (São Pedro)'),
(315, 36, 'Lamas'),
(316, 36, 'Lomar e Arcos'),
(317, 36, 'Merelim (São Paio), Panoias e Parada de Tibães'),
(318, 36, 'Merelim (São Pedro) e Frossos'),
(319, 36, 'Mire de Tibães'),
(320, 36, 'Morreira e Trandeiras'),
(321, 36, 'Nogueira, Fraião e Lamaçães'),
(322, 36, 'Nogueiró e Tenões'),
(323, 36, 'Padim da Graça'),
(324, 36, 'Palmeira'),
(325, 36, 'Pedralva'),
(326, 36, 'Priscos'),
(327, 36, 'Real, Dume e Semelhe'),
(328, 36, 'Ruilhe'),
(329, 36, 'Santa Lucrécia de Algeriz e Navarra'),
(330, 36, 'Sequeira'),
(331, 36, 'Sobreposta'),
(332, 36, 'Tadim'),
(333, 36, 'Tebosa'),
(334, 36, 'Vilaça e Fradelos'),
(335, 37, 'Abadim'),
(336, 37, 'Alvite e Passos'),
(337, 37, 'Arco de Baúlhe e Vila Nune'),
(338, 37, 'Basto'),
(339, 37, 'Bucos'),
(340, 37, 'Cabeceiras de Basto'),
(341, 37, 'Cavez'),
(342, 37, 'Faia'),
(343, 37, 'Gondiães e Vilar de Cunhas'),
(344, 37, 'Pedraça'),
(345, 37, 'Refojos de Basto, Outeiro e Painzela'),
(346, 37, 'Rio Douro'),
(347, 38, 'Agilde'),
(348, 38, 'Arnoia'),
(349, 38, 'Basto (São Clemente)'),
(350, 38, 'Borba de Montanha'),
(351, 38, 'Britelo, Gémeos e Ourilhe'),
(352, 38, 'Caçarilhe e Infesta'),
(353, 38, 'Canedo de Basto e Corgo'),
(354, 38, 'Carvalho e Basto (Santa Tecla)'),
(355, 38, 'Codeçoso'),
(356, 38, 'Fervença'),
(357, 38, 'Moreira do Castelo'),
(358, 38, 'Rego'),
(359, 38, 'Ribas'),
(360, 38, 'Vale de Bouro'),
(361, 38, 'Veade, Gagos e Molares'),
(362, 39, 'Antas'),
(363, 39, 'Apúlia e Fão'),
(364, 39, 'Belinho e Mar'),
(365, 39, 'Esposende, Marinhas e Gandra'),
(366, 39, 'Fonte Boa e Rio Tinto'),
(367, 39, 'Forjães'),
(368, 39, 'Gemeses'),
(369, 39, 'Palmeira de Faro e Curvos'),
(370, 39, 'Vila Chã'),
(371, 40, 'Aboim, Felgueiras, Gontim e Pedraído'),
(372, 40, 'Agrela e Serafão'),
(373, 40, 'Antime e Silvares (São Clemente)'),
(374, 40, 'Ardegão, Arnozela e Seidões'),
(375, 40, 'Armil'),
(376, 40, 'Arões (Santa Cristina)'),
(377, 40, 'Arões (São Romão)'),
(378, 40, 'Cepães E Fareja'),
(379, 40, 'Estorãos'),
(380, 40, 'Fafe'),
(381, 40, 'Fornelos'),
(382, 40, 'Freitas e Vila Cova'),
(383, 40, 'Golães'),
(384, 40, 'Medelo'),
(385, 40, 'Monte e Queimadela'),
(386, 40, 'Moreira do Rei e Várzea Cova'),
(387, 40, 'Passos'),
(388, 40, 'Quinchães'),
(389, 40, 'Regadas'),
(390, 40, 'Revelhe'),
(391, 40, 'Ribeiros'),
(392, 40, 'São Gens'),
(393, 40, 'Silvares (São Martinho)'),
(394, 40, 'Travassós'),
(395, 40, 'Vinhós'),
(396, 41, 'Abração e Gémeos'),
(397, 41, 'Airão Santa Maria, Airão São João e Vermil'),
(398, 41, 'Aldão'),
(399, 41, 'Arosa e Castelões'),
(400, 41, 'Atães e Rendufe'),
(401, 41, 'Azurém'),
(402, 41, 'Barco'),
(403, 41, 'Briteiros Santo Estêvão e Donim'),
(404, 41, 'Briteiros São Salvador e Briteiros Santa Leocádia'),
(405, 41, 'Brito'),
(406, 41, 'Caldelas'),
(407, 41, 'Candoso (São Martinho)'),
(408, 41, 'Candoso São Tiago e Mascotelos'),
(409, 41, 'Conde e Gandarela'),
(410, 41, 'Costa'),
(411, 41, 'Creixomil'),
(412, 41, 'Fermentões'),
(413, 41, 'Gonça'),
(414, 41, 'Gondar'),
(415, 41, 'Guardizela'),
(416, 41, 'Infantas'),
(417, 41, 'Leitões, Oleiros e Figueiredo'),
(418, 41, 'Longos'),
(419, 41, 'Lordelo'),
(420, 41, 'Mesão Frio'),
(421, 41, 'Moreira de Cónegos'),
(422, 41, 'Nespereira'),
(423, 41, 'Oliveira, São Paio e São Sebastião'),
(424, 41, 'Pencelo'),
(425, 41, 'Pinheiro'),
(426, 41, 'Polvoreira'),
(427, 41, 'Ponte'),
(428, 41, 'Prazins (Santa Eufémia)'),
(429, 41, 'Prazins Santo Tirso e Corvite'),
(430, 41, 'Ronfe'),
(431, 41, 'Sande (São Martinho)'),
(432, 41, 'Sande São Lourenço e Balazar'),
(433, 41, 'Sande vila Nova e Sande São Clemente'),
(434, 41, 'São Torcato'),
(435, 41, 'Selho (São Cristóvão)'),
(436, 41, 'Selho (São Jorge)'),
(437, 41, 'Selho São Lourenço e Gominhães'),
(438, 41, 'Serzedelo'),
(439, 41, 'Serzedo e Calvos'),
(440, 41, 'Silvares'),
(441, 41, 'Souto Santa Maria, Souto São Salvador e Gondomar'),
(442, 41, 'Tabuadelo e São Faustino'),
(443, 41, 'Urgezes'),
(444, 42, 'Águas Santas e Moure'),
(445, 42, 'Calves e Frades'),
(446, 42, 'Campos e Louredo'),
(447, 42, 'Covelas'),
(448, 42, 'Esperança e Brunhais'),
(449, 42, 'Ferreiros'),
(450, 42, 'Fonte Arcada e Oliveira'),
(451, 42, 'Galegos'),
(452, 42, 'Garfe'),
(453, 42, 'Geraz do Minho'),
(454, 42, 'Lanhoso'),
(455, 42, 'Monsul'),
(456, 42, 'Póvos de Lanhoso (Nossa Senhora do Amparo)'),
(457, 42, 'Rendufinho'),
(458, 42, 'Santo Emilião'),
(459, 42, 'São João de Rei'),
(460, 42, 'Serzedelo'),
(461, 42, 'Sobradelo da Goma'),
(462, 42, 'Taíde'),
(463, 42, 'Travassos'),
(464, 42, 'Verim, Friande e Ajude'),
(465, 42, 'Vilela'),
(466, 43, 'Balança'),
(467, 43, 'Campo do Gerês'),
(468, 43, 'Carvalheira'),
(469, 43, 'Chamoim e Vilar'),
(470, 43, 'Chorense e Monte'),
(471, 43, 'Cibões e Brufe'),
(472, 43, 'Covide'),
(473, 43, 'Gondoriz'),
(474, 43, 'Moimenta'),
(475, 43, 'Ribeira'),
(476, 43, 'Rio Caldo'),
(477, 43, 'Souto'),
(478, 43, 'Valdosende'),
(479, 43, 'Vilar da Veiga'),
(480, 44, 'Anissó e Soutelo'),
(481, 44, 'Anjos e Vilar do Chão'),
(482, 44, 'Caniçada e Soengas'),
(483, 44, 'Cantelães'),
(484, 44, 'Eira Vedra'),
(485, 44, 'Guilhofrei'),
(486, 44, 'Louredo'),
(487, 44, 'Mosteiro'),
(488, 44, 'Parada do Bouro'),
(489, 44, 'Pinheiro'),
(490, 44, 'Rossas'),
(491, 44, 'Ruivães e Campos'),
(492, 44, 'Salamonde'),
(493, 44, 'Tabuaças'),
(494, 44, 'Ventosa e Cova'),
(495, 44, 'Vieira do Minho'),
(496, 45, 'Antas e Abade de Vermoim'),
(497, 45, 'Arnoso (Santa Maria e Santa Eulália) e Suzeres'),
(498, 45, 'Avidos e Lagoa'),
(499, 45, 'Bairro'),
(500, 45, 'Brufe'),
(501, 45, 'Carreira e Bente'),
(502, 45, 'Castelões'),
(503, 45, 'Cruz'),
(504, 45, 'Delães'),
(505, 45, 'Esmoriz e Cabeçudos'),
(506, 45, 'Fradelos'),
(507, 45, 'Gavião'),
(508, 45, 'Gondifelos, Cavalões e Outiz'),
(509, 45, 'Joane'),
(510, 45, 'Landim'),
(511, 45, 'Lemenhe, Mouquim e Jesufrei'),
(512, 45, 'Louro'),
(513, 45, 'Lousado'),
(514, 45, 'Mogege'),
(515, 45, 'Nine'),
(516, 45, 'Oliveira (Santa Maria)'),
(517, 45, 'Oliveira (São Mateus)'),
(518, 45, 'Pedome'),
(519, 45, 'Pousada de Saramagos'),
(520, 45, 'Requião'),
(521, 45, 'Riba de Ave'),
(522, 45, 'Ribeirão'),
(523, 45, 'Ruivães e Novais'),
(524, 45, 'Seide'),
(525, 45, 'Vale (São Cosme), Telhado e Portela'),
(526, 45, 'Vale (São Martinho)'),
(527, 45, 'Vermoim'),
(528, 45, 'Vila Nova de Famalicão e Calendário'),
(529, 45, 'Vilarinho das Cambas'),
(530, 46, 'Aboim da Nóbrega e Gondomar'),
(531, 46, 'Atiães'),
(532, 46, 'Cabanelas'),
(533, 46, 'Carreiras (São Miguel) e Carreiras (Santiago)'),
(534, 46, 'Cervães'),
(535, 46, 'Coucieiro'),
(536, 46, 'Dossãos'),
(537, 46, 'Escariz (São Mamede) e Escariz (São Martinho)'),
(538, 46, 'Esqueiros, Nevogilde e Travassós'),
(539, 46, 'Freiriz'),
(540, 46, 'Geme'),
(541, 46, 'Lage'),
(542, 46, 'Lanhas'),
(543, 46, 'Loureira'),
(544, 46, 'Marrancos e Arcozelo'),
(545, 46, 'Moure'),
(546, 46, 'Oleiros'),
(547, 46, 'Oriz (Santa Marinha) e Oriz (São Miguel)'),
(548, 46, 'Parada de Gatim'),
(549, 46, 'Pico'),
(550, 46, 'Pico de Regalados, Gondiães e Mós'),
(551, 46, 'Ponte'),
(552, 46, 'Prado (São Miguel)'),
(553, 46, 'Ribeira do Neiva'),
(554, 46, 'Sabariz'),
(555, 46, 'Sande, Vilarinho, Barros e Gomide'),
(556, 46, 'Soutelo'),
(557, 46, 'Turiz'),
(558, 46, 'Vade'),
(559, 46, 'Valbom (São Pedro), Passô e Valbom (São Martinho)'),
(560, 46, 'Valdreu'),
(561, 46, 'Vila de Prado'),
(562, 46, 'Vila Verde e Barbudo'),
(563, 47, 'Caldas de Vizela (São Miguel e São João)'),
(564, 47, 'Infias'),
(565, 47, 'Santa Eulália'),
(566, 47, 'Santo Adrião de Vizela'),
(567, 47, 'Tagils de Vizela (São Paio)'),
(568, 48, 'Agrobom, Saldonha e Vale Pereiro'),
(569, 48, 'Alfândega da Fé'),
(570, 48, 'Cerejais'),
(571, 48, 'Eucisia, Gouveia e Valverde'),
(572, 48, 'Ferradosa e Sendim da Serra'),
(573, 48, 'Gebelim e Soeima'),
(574, 48, 'Parada e Sendim da Ribeira'),
(575, 48, 'Pombal e Vales'),
(576, 48, 'Sambade'),
(577, 48, 'Vilar Chão'),
(578, 48, 'Vilarelhos'),
(579, 48, 'Vilares de Vilariça'),
(580, 49, 'Alfaião'),
(581, 49, 'Aveleda e Rio de Onor'),
(582, 49, 'Babe'),
(583, 49, 'Baçal'),
(584, 49, 'Carragosa'),
(585, 49, 'Castrelos e Carrazedo'),
(586, 49, 'Castro de Avelãs'),
(587, 49, 'Coelhoso'),
(588, 49, 'Donai'),
(589, 49, 'Espinhosela'),
(590, 49, 'França'),
(591, 49, 'Gimonde'),
(592, 49, 'Gondesende'),
(593, 49, 'Gostei'),
(594, 49, 'Grijó de Parada'),
(595, 49, 'Izeda, Caldelhe e Paradinha Nova'),
(596, 49, 'Macedo do Mato'),
(597, 49, 'Mós'),
(598, 49, 'Nogueira'),
(599, 49, 'Outeiro'),
(600, 49, 'Parada e Faílde'),
(601, 49, 'Parâmio'),
(602, 49, 'Pinela'),
(603, 49, 'Quintanilha'),
(604, 49, 'Quintela de Lampaças'),
(605, 49, 'Rabal'),
(606, 49, 'Rebordainhos e Pombares'),
(607, 49, 'Rebordãos'),
(608, 49, 'Rio Frio e Milhão'),
(609, 49, 'Salsas'),
(610, 49, 'Samil'),
(611, 49, 'Santa Comba de Rossas'),
(612, 49, 'São Julião de Palácios e Deilão'),
(613, 49, 'São Pedro de Sarracenos'),
(614, 49, 'Sé, Santa Maria e Meixedo'),
(615, 49, 'Sendas'),
(616, 49, 'Serapicos'),
(617, 49, 'Sortes'),
(618, 49, 'Zoio'),
(619, 50, 'Amedo e Zedes'),
(620, 50, 'Belver e Mogo de Malta'),
(621, 50, 'Carrazeda de Ansiães'),
(622, 50, 'Castanheiro do Norte e Ribalonga'),
(623, 50, 'Fonte Longa'),
(624, 50, 'Lavandeira, Beira Grande e Selores'),
(625, 50, 'Linhares'),
(626, 50, 'Marzagão'),
(627, 50, 'Parambos'),
(628, 50, 'Pereiros'),
(629, 50, 'Pinhal do Norte'),
(630, 50, 'Pombal'),
(631, 50, 'Seixo de Ansiães'),
(632, 50, 'Vilarinho de Castanheira'),
(633, 51, 'Freixo de Espada À Cinta e Mazouco'),
(634, 51, 'Lagoaça e Fornos'),
(635, 51, 'Ligares'),
(636, 51, 'Poiares'),
(637, 52, 'Ala e Vilarinho do Monte'),
(638, 52, 'Amendoeira'),
(639, 52, 'Arcas'),
(640, 52, 'Bornes e Burga'),
(641, 52, 'Carrapatas'),
(642, 52, 'Castelãos e Vilar do Monte'),
(643, 52, 'Chacim'),
(644, 52, 'Cortiços'),
(645, 52, 'Corujas'),
(646, 52, 'Espanedo, Edroso, Murçós e Soutelo Mourisco'),
(647, 52, 'Ferreira'),
(648, 52, 'Grijó'),
(649, 52, 'Lagoa'),
(650, 52, 'Lamalonga'),
(651, 52, 'Lamas'),
(652, 52, 'Lombo'),
(653, 52, 'Macedo de Cavaleiros'),
(654, 52, 'Morais'),
(655, 52, 'Olmos'),
(656, 52, 'Peredo'),
(657, 52, 'Podence e Santa Combinha'),
(658, 52, 'Salselas'),
(659, 52, 'Sesulfe'),
(660, 52, 'Talhas'),
(661, 52, 'Talhinhas e Bagueixe'),
(662, 52, 'Vale Benfeito'),
(663, 52, 'Vale da Porca'),
(664, 52, 'Vale de Prados'),
(665, 52, 'Vilarinho de Agrochão'),
(666, 52, 'Vinhas'),
(667, 53, 'Constantim e Cicouro'),
(668, 53, 'Duas Igrejas'),
(669, 53, 'Genísio'),
(670, 53, 'Ifanes e Paradela'),
(671, 53, 'Malhadas'),
(672, 53, 'Miranda do Douro'),
(673, 53, 'Palaçoulo'),
(674, 53, 'Picote'),
(675, 53, 'Póvoa'),
(676, 53, 'São Martinho de Angueira'),
(677, 53, 'Sendim e Atenor'),
(678, 53, 'Silva e Águas Vivas'),
(679, 53, 'Vila Chã e Braciosa'),
(680, 54, 'Abambres'),
(681, 54, 'Abreiro'),
(682, 54, 'Aguieiras'),
(683, 54, 'Alvites'),
(684, 54, 'Avantos e Romeu'),
(685, 54, 'Avidagos, Navalho e Pereira'),
(686, 54, 'Barcel, Marmelos e Valverde da Gestosa'),
(687, 54, 'Bouça'),
(688, 54, 'Cabanelas'),
(689, 54, 'Caravelas'),
(690, 54, 'Carvalhais'),
(691, 54, 'Cedães'),
(692, 54, 'Cobro'),
(693, 54, 'Fradizela'),
(694, 54, 'Franco e Vila Boa'),
(695, 54, 'Frechas'),
(696, 54, 'Freixeda e Vila Verde'),
(697, 54, 'Lamas de Orelhão'),
(698, 54, 'Mascarenhas'),
(699, 54, 'Mirandela'),
(700, 54, 'Múrias'),
(701, 54, 'Passos'),
(702, 54, 'São Pedro Velho'),
(703, 54, 'São Salvador'),
(704, 54, 'Suçães'),
(705, 54, 'Torre de Dona Chama'),
(706, 54, 'Vale de Asnes'),
(707, 54, 'Vale de Gouvinhas'),
(708, 54, 'Vale de Salgueiro'),
(709, 54, 'Vale de Telhas'),
(710, 55, 'Azinhoso'),
(711, 55, 'Bemposta'),
(712, 55, 'Bruçó'),
(713, 55, 'Brunhoso'),
(714, 55, 'Brunhozinho, Castanheira e Sanhoane'),
(715, 55, 'Castelo Branco'),
(716, 55, 'Castro Vicente'),
(717, 55, 'Meirinhos'),
(718, 55, 'Mogadouro, Valverde, Vale de Porco e Vilar de Rei'),
(719, 55, 'Paradela'),
(720, 55, 'Penas Roias'),
(721, 55, 'Peredo da Bemposta'),
(722, 55, 'Remondes e Soutelo'),
(723, 55, 'Saldanha'),
(724, 55, 'São Martinho do Peso'),
(725, 55, 'Tó'),
(726, 55, 'Travanca'),
(727, 55, 'Urrós'),
(728, 55, 'Vale da Madre'),
(729, 55, 'Vila de Ala'),
(730, 55, 'Vilarinho dos Galegos e Ventozelo'),
(731, 56, 'Açoreira'),
(732, 56, 'Adeganha e Cardanha'),
(733, 56, 'Cabeça Boa'),
(734, 56, 'Carviçais'),
(735, 56, 'Castedo'),
(736, 56, 'Felgar e Souto da Velha'),
(737, 56, 'Felgueiras e Maçores'),
(738, 56, 'Horta da Vilariça'),
(739, 56, 'Larinho'),
(740, 56, 'Lousa'),
(741, 56, 'Mós'),
(742, 56, 'Torre de Moncorvo'),
(743, 56, 'Urros e Peredo dos Castelhanos'),
(744, 57, 'Assares e Lodões'),
(745, 57, 'Benlhevai'),
(746, 57, 'Candoso e Carvalho de Egas'),
(747, 57, 'Freixiel'),
(748, 57, 'Roios'),
(749, 57, 'Samões'),
(750, 57, 'Sampaio'),
(751, 57, 'santa Comba da Vilariça'),
(752, 57, 'Seixo de Manhoses'),
(753, 57, 'Trindade'),
(754, 57, 'Vale Frechoso'),
(755, 57, 'Valtorno e Mourão'),
(756, 57, 'Vila Flor e Nabo'),
(757, 57, 'Vilas Boas e Vilarinho das Azenhas'),
(758, 58, 'Algoso, Campo de Víboras e Uva'),
(759, 58, 'Argozelo'),
(760, 58, 'Caçarelhos e Angueira'),
(761, 58, 'Carção'),
(762, 58, 'Matela'),
(763, 58, 'Pinelo'),
(764, 58, 'Santulhão'),
(765, 58, 'Vale de Frades e Avelanoso'),
(766, 58, 'Vilar Seco'),
(767, 58, 'Vimioso'),
(768, 59, 'Agrochão'),
(769, 59, 'Candedo'),
(770, 59, 'Celas'),
(771, 59, 'Curopos e Vale de Janeiro'),
(772, 59, 'Edral'),
(773, 59, 'Edrosa'),
(774, 59, 'Ervedosa'),
(775, 59, 'Moimenta e Montouto'),
(776, 59, 'Nunes e Ousilhão'),
(777, 59, 'Paço'),
(778, 59, 'Penhas Juntas'),
(779, 59, 'Quirás e Pinheiro Novo'),
(780, 59, 'Rebordelo'),
(781, 59, 'Santalha'),
(782, 59, 'Sobreiro de Baixo e Alvaredos'),
(783, 59, 'Soeira, Fresulfe e Mofreita'),
(784, 59, 'Travanca e Santa Cruz'),
(785, 59, 'Tuizelo'),
(786, 59, 'Vale das Fontes'),
(787, 59, 'Vila Boa de Ousilhão'),
(788, 59, 'Vila Verde'),
(789, 59, 'Vilar de Lomba e São Jomil'),
(790, 59, 'Vilar de Ossos'),
(791, 59, 'Vilar de Peregrinos'),
(792, 59, 'Vilar Seco da Lomba'),
(793, 59, 'Vinhais'),
(794, 60, 'Belmonte e Colmeal da Torre'),
(795, 60, 'Caria'),
(796, 60, 'Inguias'),
(797, 60, 'Maçainhas'),
(798, 61, 'Alcains'),
(799, 61, 'Almaceda'),
(800, 61, 'Benquerenças'),
(801, 61, 'Castelo Branco'),
(802, 61, 'Cebolais de Cima e Retaxo'),
(803, 61, 'Escalos de Baixo e Mata'),
(804, 61, 'Escalos de Cima e Lousa'),
(805, 61, 'Freixial e Juncal do Campo'),
(806, 61, 'Lardosa'),
(807, 61, 'Louriçal do Campo'),
(808, 61, 'Malpica do Tejo'),
(809, 61, 'Monforte da Beira'),
(810, 61, 'Ninho do Açor e Sobral do Campo'),
(811, 61, 'Póvoa de Rio de Moinhos e Cafede'),
(812, 61, 'Salgueiro do Campo'),
(813, 61, 'Santo André das Tojeiras'),
(814, 61, 'São Vicente da Beira'),
(815, 61, 'Sarzedas'),
(816, 61, 'Tinalhas'),
(817, 62, 'Aldeia São Francisco de Assis'),
(818, 62, 'Barco e Coutada'),
(819, 62, 'Boidobra'),
(820, 62, 'Cantar-Galo e Vila do Carvalho'),
(821, 62, 'Casegas e Ourondo'),
(822, 62, 'Cortes do Meio'),
(823, 62, 'Covilhã e Canhoso'),
(824, 62, 'Dominguizo'),
(825, 62, 'Erada'),
(826, 62, 'Ferro'),
(827, 62, 'Orjais'),
(828, 62, 'Paul'),
(829, 62, 'Peraboa'),
(830, 62, 'Peso e Vales do Rio'),
(831, 62, 'São Jorge da Beira'),
(832, 62, 'Sobral de São Miguel'),
(833, 62, 'Teixoso e Sarzedo'),
(834, 62, 'Tortosendo'),
(835, 62, 'Unhais da Serra'),
(836, 62, 'Vale Formoso e Aldeia do Souto'),
(837, 62, 'Verdelhos'),
(838, 63, 'Alcaide'),
(839, 63, 'Alcaria'),
(840, 63, 'Alcongosta'),
(841, 63, 'Alpedrinha'),
(842, 63, 'Barroca'),
(843, 63, 'Bogas de Cima'),
(844, 63, 'Capinha'),
(845, 63, 'Castelejo'),
(846, 63, 'Castelo Novo'),
(847, 63, 'Enxames'),
(848, 63, 'Fatela'),
(849, 63, 'Fundão, valverde, Donas, A. Joanes, A. Nova Cabo'),
(850, 63, 'Janeiro de Cima e Bogas de Baixo'),
(851, 63, 'Lavacolhos'),
(852, 63, 'Orca'),
(853, 63, 'Pêro Viseu'),
(854, 63, 'Póvoa da Atalaia e Atalaia do Campo'),
(855, 63, 'Silvares'),
(856, 63, 'Soalheira'),
(857, 63, 'Souto da Casa'),
(858, 63, 'Telhado'),
(859, 63, 'Três Povos'),
(860, 63, 'Vale de Prazeres e Mata da Rainha'),
(861, 64, 'Aldeia de Santa Margarida'),
(862, 64, 'Idanha-a-Nova e Alcafozes'),
(863, 64, 'Ladoeiro'),
(864, 64, 'Medelim'),
(865, 64, 'Monfortinho e Salvaterra do Extremo'),
(866, 64, 'Monsanto e Idanha-a-Velha'),
(867, 64, 'Oledo'),
(868, 64, 'Penha Garcia'),
(869, 64, 'Proença-a-Velha'),
(870, 64, 'Rosmaninhal'),
(871, 64, 'São Miguel de Acha'),
(872, 64, 'Toulões'),
(873, 64, 'Zebreira e Segura'),
(874, 65, 'Álvaro'),
(875, 65, 'Cambas'),
(876, 65, 'Estreito-Villar Barroco'),
(877, 65, 'Isna'),
(878, 65, 'Madeirã'),
(879, 65, 'Mosteiro'),
(880, 65, 'Oleiros-Amieira'),
(881, 65, 'Orvalho'),
(882, 65, 'Sarnadas de São Simão'),
(883, 65, 'Sobral'),
(884, 66, 'Aldeia do Bispo, Águas e Aldeia de João Pires'),
(885, 66, 'Aranhas'),
(886, 66, 'Benquerença'),
(887, 66, 'Meimão'),
(888, 66, 'Meimoa'),
(889, 66, 'Pedrógão de São Pedro e Bemposta'),
(890, 66, 'Penamacor'),
(891, 66, 'Salvador'),
(892, 66, 'Vale da Senhora da Póvoa'),
(893, 67, 'Montes da Senhora'),
(894, 67, 'Proença-a-Nova e Peral'),
(895, 67, 'São Pedro do Esteval'),
(896, 67, 'Sobreira Formosa e Alvito da Beira'),
(897, 68, 'Cabeçudo'),
(898, 68, 'Carvalhal'),
(899, 68, 'Castelo'),
(900, 68, 'Cernache do Bonjardim, Nesperal e Palhais'),
(901, 68, 'Cumeada e Marmeleiro'),
(902, 68, 'Ermida e Figueiredo'),
(903, 68, 'Pedrógão Pequeno'),
(904, 68, 'Sertã'),
(905, 68, 'Troviscal'),
(906, 68, 'Várzea dos Cavaleiros'),
(907, 69, 'Fundada'),
(908, 69, 'São João do Peso'),
(909, 69, 'Vila de Rei'),
(910, 70, 'Fratel'),
(911, 70, 'Perais'),
(912, 70, 'Sarnadas de Rodão'),
(913, 70, 'Vila Velha de Ródão'),
(914, 71, 'Arganil'),
(915, 71, 'Benfeita'),
(916, 71, 'Celavisa'),
(917, 71, 'Cepos e Teixeira'),
(918, 71, 'Cerdeira e Moura da Serra'),
(919, 71, 'Côja e Barril de Alva'),
(920, 71, 'Folques'),
(921, 71, 'Piódão'),
(922, 71, 'Pomares'),
(923, 71, 'Pombeiro da Beira'),
(924, 71, 'São Martinho da Cortiça'),
(925, 71, 'Sarzedo'),
(926, 71, 'Secarias'),
(927, 71, 'Vila Cova de Alva e Anseriz'),
(928, 72, 'Ançã'),
(929, 72, 'Cadima'),
(930, 72, 'Cantanhede e Pocariça'),
(931, 72, 'Cordinhã'),
(932, 72, 'Covões e Camarneira'),
(933, 72, 'Febres'),
(934, 72, 'Murtede'),
(935, 72, 'Ourentã'),
(936, 72, 'Portunhos e Outil'),
(937, 72, 'Sanguinheira'),
(938, 72, 'São Caetano'),
(939, 72, 'Sepins e Bolho'),
(940, 72, 'Tocha'),
(941, 72, 'Vilamar e Corticeiro de Cima'),
(942, 73, 'Almalaguês'),
(943, 73, 'Antuzede e Vil de Matos'),
(944, 73, 'Assafarge e Antanhol'),
(945, 73, 'Brasfemes'),
(946, 73, 'Ceira'),
(947, 73, 'Cernache'),
(948, 73, 'Eiras e São Paulo de Frades'),
(949, 73, 'Santa Clara e Castelo Viegas'),
(950, 73, 'Santo António dos Olivais'),
(951, 73, 'São João do Campo'),
(952, 73, 'São Martinho de Árvore e Lamarosa'),
(953, 73, 'São Martinho do Bispo e Ribeira de Frades'),
(954, 73, 'São Silvestre'),
(955, 73, 'Sé Nova, Santa Cruz, Almedina e São Bartolomeu'),
(956, 73, 'Souselas e Botão'),
(957, 73, 'Taveiro, Ameal e Arzila'),
(958, 73, 'Torres do Mondego'),
(959, 73, 'Trouxemil e Torre de Vilela'),
(960, 74, 'Anobra'),
(961, 74, 'Condeixa-a-Velha e Condeixa-a-Nova'),
(962, 74, 'Ega'),
(963, 74, 'Furadouro'),
(964, 74, 'Sebal e Belide'),
(965, 74, 'Vila Seca e Bem de Fé'),
(966, 74, 'Zambujal'),
(967, 75, 'Alhadas'),
(968, 75, 'Alqueidão'),
(969, 75, 'Bom Sucesso'),
(970, 75, 'Buarcos e São Julião'),
(971, 75, 'Ferreira-a-Nova'),
(972, 75, 'Lavos'),
(973, 75, 'Maiorca'),
(974, 75, 'Marinha das Ondas'),
(975, 75, 'Moinhos da Gândara'),
(976, 75, 'Paião'),
(977, 75, 'Quiaios'),
(978, 75, 'São Pedro'),
(979, 75, 'Tavarede'),
(980, 75, 'Vila Verde'),
(981, 76, 'Alvares'),
(982, 76, 'Cadafaz e Colmeal'),
(983, 76, 'Góis'),
(984, 76, 'Vila Nova do Ceira'),
(985, 77, 'Foz de Arouce e Casal de Ermio'),
(986, 77, 'Gândaras'),
(987, 77, 'Lousã e Vilarinho'),
(988, 77, 'Serpins'),
(989, 78, 'Carapelhos'),
(990, 78, 'Mira'),
(991, 78, 'Praia de Mira'),
(992, 78, 'Seixo'),
(993, 79, 'Lamas'),
(994, 79, 'Miranda do Corvo'),
(995, 79, 'Semide e Rio Vide'),
(996, 79, 'Vila Nova'),
(997, 80, 'Abrunheira, Verride e Vila Nova da Barca'),
(998, 80, 'Arazede'),
(999, 80, 'Carapinheira'),
(1000, 80, 'Ereira'),
(1001, 80, 'Liceia'),
(1002, 80, 'Meãs do Campo'),
(1003, 80, 'Montemor-O-Velho e Gatões'),
(1004, 80, 'Pereira'),
(1005, 80, 'Santo Varão'),
(1006, 80, 'Seixo de Gatões'),
(1007, 80, 'Tentúgal'),
(1008, 81, 'Aldeia das Dez'),
(1009, 81, 'Alvoco das Várzeas'),
(1010, 81, 'Avô'),
(1011, 81, 'Bobadela'),
(1012, 81, 'Ervedal e Vila Franca da Beira'),
(1013, 81, 'Lagares da Beira'),
(1014, 81, 'Lagos da Beira e Lajeosa'),
(1015, 81, 'Lourosa'),
(1016, 81, 'Meruge'),
(1017, 81, 'Nogueira do Cravo'),
(1018, 81, 'Oliveira do Hospital e São Paio de Gramaços'),
(1019, 81, 'Penalva de Alva e São Sebastião da Feira'),
(1020, 81, 'santa Ovaia e Vila Pouca da Beira'),
(1021, 81, 'São Gião'),
(1022, 81, 'Seixo da Beira'),
(1023, 81, 'Travanca de Lagos'),
(1024, 82, 'Cabril'),
(1025, 82, 'Dornelas do Zêzere'),
(1026, 82, 'Fajão-Vidual'),
(1027, 82, 'Janeiro de Baixo'),
(1028, 82, 'Pampilhosa da Serra'),
(1029, 82, 'Pessegueiro'),
(1030, 82, 'Portela do Fojo-Machio'),
(1031, 82, 'Unhais-o-Velho'),
(1032, 83, 'Carvalho'),
(1033, 83, 'Figueira do Lorvão'),
(1034, 83, 'Friúmes e Paradela'),
(1035, 83, 'Lorvão'),
(1036, 83, 'Oliveira do Mondego e Travanca do Mondego'),
(1037, 83, 'Penacova'),
(1038, 83, 'São Pedro de Alva e São Paio de Mondego'),
(1039, 83, 'Sazes do Lorvão'),
(1040, 84, 'Cumeeira'),
(1041, 84, 'Espinhal'),
(1042, 84, 'Podentes'),
(1043, 84, 'São Miguel, Santa Eufémia e Rabaçal'),
(1044, 85, 'Alfarelos'),
(1045, 85, 'Degracias e Pombalinho'),
(1046, 85, 'Figueiró do Campo'),
(1047, 85, 'Gesteira e Brunhós'),
(1048, 85, 'Granja do Ulmeiro'),
(1049, 85, 'Samuel'),
(1050, 85, 'Soure'),
(1051, 85, 'Tapéus'),
(1052, 85, 'Vila Nova de Anços'),
(1053, 85, 'Vinha da Rainha'),
(1054, 86, 'Ázere e Covelo'),
(1055, 86, 'Candosa'),
(1056, 86, 'Carapinha'),
(1057, 86, 'Covas e Vila Nova de Oliveirinha'),
(1058, 86, 'Espariz e Sinde'),
(1059, 86, 'Midões'),
(1060, 86, 'Mouronho'),
(1061, 86, 'Pinheiro de Coja e Meda de Mouros'),
(1062, 86, 'Póvoa de Midões'),
(1063, 86, 'São João da Boa Vista'),
(1064, 86, 'Tábua'),
(1065, 87, 'Arrifana'),
(1066, 87, 'Lavegadas'),
(1067, 87, 'Poiares (Santo André)'),
(1068, 87, 'São Miguel de Poiares'),
(1069, 88, 'Capelins (Santo António)'),
(1070, 88, 'N.S. Conceição, S.Brás Matos, Juromenha'),
(1071, 88, 'Santiago Maior'),
(1072, 88, 'Terena (São Pedro)'),
(1073, 89, 'Arraiolos'),
(1074, 89, 'Gafanhoeira (São Pedro) e Sabugueiro'),
(1075, 89, 'Igrejinha'),
(1076, 89, 'São Gregório e Santa Justa'),
(1077, 89, 'Vimieiro'),
(1078, 90, 'Borba (Matriz)'),
(1079, 90, 'Borba (São Bartolomeu)'),
(1080, 90, 'Orada'),
(1081, 90, 'Rio de Moinhos'),
(1082, 91, 'Ameixial (Santa Vitória e São Bento)'),
(1083, 91, 'Arcos'),
(1084, 91, 'Estremoz (Santa Maria e Santo André)'),
(1085, 91, 'Évora Monte (Santa Maria)'),
(1086, 91, 'Glória'),
(1087, 91, 'São Bento do Cortiço e Santo Esêvão'),
(1088, 91, 'São Domingos de Ana Loura'),
(1089, 91, 'São Lourenço de Mamporcão e São Bento de Ana Loura'),
(1090, 91, 'Veiros'),
(1091, 92, 'Bacelo e Senhora da Saúde'),
(1092, 92, 'Canaviais'),
(1093, 92, 'Évora (São Mamede, Sé, São Pedro e Santo Antão)'),
(1094, 92, 'Malagueira e Horta das Figueiras'),
(1095, 92, 'N.S. da Tourega e N.S. de Guadalupe'),
(1096, 92, 'Nossa Senhora de Machede'),
(1097, 92, 'Nossa Senhora Graça do Divor'),
(1098, 92, 'S.Sebastião da Giesteira e N.S. da Boa Fé'),
(1099, 92, 'São Bento da Mato'),
(1100, 92, 'São Manços e São Vicente do Pigeiro'),
(1101, 92, 'São Miguel de Machede'),
(1102, 92, 'Torre de Coelheiros'),
(1103, 93, 'Cabrela'),
(1104, 93, 'Ciborro'),
(1105, 93, 'Cortiçadas de Lavre e Lavre'),
(1106, 93, 'Foros de Vale Figueira'),
(1107, 93, 'N.S. da Vila, N.S. do Bispo e Silveiras'),
(1108, 93, 'Santiago do Escoural'),
(1109, 93, 'São Cristóvão'),
(1110, 94, 'Brotas'),
(1111, 94, 'Cabeção'),
(1112, 94, 'Mora'),
(1113, 94, 'Pavia'),
(1114, 95, 'Granja'),
(1115, 95, 'Luz'),
(1116, 95, 'Mourão'),
(1117, 96, 'Amieira e Alqueva'),
(1118, 96, 'Monte do Trigo'),
(1119, 96, 'Portel'),
(1120, 96, 'Santana'),
(1121, 96, 'São Bartolomeu do Outeiro e Oriola'),
(1122, 96, 'Vera Cruz'),
(1123, 97, 'Montoito'),
(1124, 97, 'Redondo'),
(1125, 98, 'Campo e Campinho'),
(1126, 98, 'Corval'),
(1127, 98, 'Monsaraz'),
(1128, 98, 'Reguengos de Monsaraz'),
(1129, 99, 'Landeira'),
(1130, 99, 'Vendas Novas'),
(1131, 100, 'Aguiar'),
(1132, 100, 'Alcáçovas'),
(1133, 100, 'Viana do Alentejo'),
(1134, 101, 'Bencatel'),
(1135, 101, 'Ciladas'),
(1136, 101, 'Nossa Senhora da Conceição e São Bartolomeu'),
(1137, 101, 'Pardais'),
(1138, 102, 'Albufeira e Olhos de Água'),
(1139, 102, 'Ferreiras'),
(1140, 102, 'Guia'),
(1141, 102, 'Paderne'),
(1142, 103, 'Alcoutim e Pereiro'),
(1143, 103, 'Giões'),
(1144, 103, 'Martim Longo'),
(1145, 103, 'Vaqueiros'),
(1146, 104, 'Aljezur'),
(1147, 104, 'Bordeira'),
(1148, 104, 'Odeceixe'),
(1149, 104, 'Rogil'),
(1150, 105, 'Altura'),
(1151, 105, 'Azinhal'),
(1152, 105, 'Castro Marim'),
(1153, 105, 'Odeleite'),
(1154, 106, 'Conceição e Estoi'),
(1155, 106, 'Faro (Sé e São Pedro)'),
(1156, 106, 'Montenegro'),
(1157, 106, 'Santa Bárbara de Nexe'),
(1158, 107, 'Estômbar e Parchal'),
(1159, 107, 'Ferragudo'),
(1160, 107, 'Lagoa e Carvoeiro'),
(1161, 107, 'Porches'),
(1162, 108, 'Bensafrim e Barão de São João'),
(1163, 108, 'Lagos (São Sebastião e Santa Maria)'),
(1164, 108, 'Luz'),
(1165, 108, 'Odiáxere'),
(1166, 109, 'Almancil'),
(1167, 109, 'Alte'),
(1168, 109, 'Ameixial'),
(1169, 109, 'Boliqueime'),
(1170, 109, 'Loulé (São Clemente)'),
(1171, 109, 'Loulé (São Sebastião)'),
(1172, 109, 'Quarteira'),
(1173, 109, 'Querença, Tôr e Benafim'),
(1174, 109, 'Salir'),
(1175, 110, 'Alferce'),
(1176, 110, 'Marmelete'),
(1177, 110, 'Monchique'),
(1178, 111, 'Moncarapacho e Fuseta'),
(1179, 111, 'Olhão'),
(1180, 111, 'Pechão'),
(1181, 111, 'Quelfes'),
(1182, 112, 'Alvor'),
(1183, 112, 'Mexilhoeira Grande'),
(1184, 112, 'Portimão'),
(1185, 113, 'São Brás de Alportel'),
(1186, 114, 'Alcantarilha e Pêra'),
(1187, 114, 'Algoz e Tunes'),
(1188, 114, 'Armação de Pêra'),
(1189, 114, 'São Bartolomeu de Messines'),
(1190, 114, 'São Marcos da Serra'),
(1191, 114, 'Silves'),
(1192, 115, 'Cachopo'),
(1193, 115, 'Conceição e Cabanas de Tavira'),
(1194, 115, 'Luz de Tavira e Santo Estêvão'),
(1195, 115, 'Santa Catarina Do Fonte Do Bispo'),
(1196, 115, 'Santa Luzia'),
(1197, 115, 'Tavira (Santa Maria e Santiago)'),
(1198, 116, 'Barão de São Miguel'),
(1199, 116, 'Budens'),
(1200, 116, 'Vila de Sagres'),
(1201, 116, 'Vila do Bispo e Raposeira'),
(1202, 117, 'Montegordo'),
(1203, 117, 'Vila Nova de Cacela'),
(1204, 117, 'Vila Real de Santo António'),
(1205, 118, 'Aguiar da Beira e Coruche'),
(1206, 118, 'Carapito'),
(1207, 118, 'Cortiçada'),
(1208, 118, 'Dornelas'),
(1209, 118, 'Eirado'),
(1210, 118, 'Forninhos'),
(1211, 118, 'Pena Verde'),
(1212, 118, 'Pinheiro'),
(1213, 118, 'Sequeiros e Gradiz'),
(1214, 118, 'Souto de Aguiar da Beira e Valverde'),
(1215, 119, 'Almeida'),
(1216, 119, 'Amoreira, Parada e Cabreira'),
(1217, 119, 'Azinhal, Peva e valverde'),
(1218, 119, 'Castelo Bom'),
(1219, 119, 'Castelo Mendo, Ade, Monteperobolso e Mesquitela'),
(1220, 119, 'Freinada'),
(1221, 119, 'Freixo'),
(1222, 119, 'Junça e Naves'),
(1223, 119, 'Leomil, Mido, Senouras e Aldeia Nova'),
(1224, 119, 'Malhada Sorda'),
(1225, 119, 'Malpartida e Vale de Coelha'),
(1226, 119, 'Miuzela e Porto de Ovelha'),
(1227, 119, 'Nave de Haver'),
(1228, 119, 'São Pedro de rio Seco'),
(1229, 119, 'Vale da Mula'),
(1230, 119, 'Vilar Formoso'),
(1231, 120, 'Açores e Velosa'),
(1232, 120, 'Baraçal'),
(1233, 120, 'Carrapichana'),
(1234, 120, 'Casas do Soeiro'),
(1235, 120, 'Cortiçô da Serra, Vide Entre Vinhas e Salgueirais'),
(1236, 120, 'Forno Telheiro'),
(1237, 120, 'Lajeosa do Mondego'),
(1238, 120, 'Linhares'),
(1239, 120, 'Maçal do Chão'),
(1240, 120, 'Mesquitela'),
(1241, 120, 'Minhocal'),
(1242, 120, 'Prados'),
(1243, 120, 'Rapa e Cadafaz'),
(1244, 120, 'Ratoeira'),
(1245, 120, 'São Pedro e Santa Maria e Vila Boa do Mondego'),
(1246, 120, 'Vale de Azares'),
(1247, 121, 'Algodres, Vale de Afonsinho e Vilar de Amargo'),
(1248, 121, 'Almofala e Escarigo'),
(1249, 121, 'Castelo Rodrigo'),
(1250, 121, 'Cinco Vilas e Reigada'),
(1251, 121, 'Colmeal e Vilar Torpim'),
(1252, 121, 'Escalhão'),
(1253, 121, 'Figueira de Castelo Rodrigo'),
(1254, 121, 'Freixeda Torrão, Quintã Pêro Martins, Penha Águia'),
(1255, 121, 'Mata de Lobos'),
(1256, 121, 'Vermiosa'),
(1257, 122, 'Algodres'),
(1258, 122, 'Casal Vasco'),
(1259, 122, 'Cortiçô e Vila Chã'),
(1260, 122, 'Figueiró da Granja'),
(1261, 122, 'Fornos de Algodres'),
(1262, 122, 'Infias'),
(1263, 122, 'Juncais, Vila Ruiva e Vila Soeiro do Chão'),
(1264, 122, 'Maceira'),
(1265, 122, 'Matança'),
(1266, 122, 'Muxagata'),
(1267, 122, 'Queiriz'),
(1268, 122, 'Sobral Pichorro e Fuinhas'),
(1269, 123, 'Aldeias e Mangualde da Serra'),
(1270, 123, 'Arcozelo'),
(1271, 123, 'Cativelos'),
(1272, 123, 'Figueiró da Serra e Freixo da Serra'),
(1273, 123, 'Folgosinho'),
(1274, 123, 'Gouveia (São Pedro e São Julião)'),
(1275, 123, 'Melo e Nabais'),
(1276, 123, 'Moimenta da Serra e Vinhó'),
(1277, 123, 'Nespereira'),
(1278, 123, 'Paços da Serra'),
(1279, 123, 'Ribamondego'),
(1280, 123, 'Rio Torto e Lagarinhos'),
(1281, 123, 'São Paio'),
(1282, 123, 'Vila Cortes da Serra'),
(1283, 123, 'Vila Franca da Serra'),
(1284, 123, 'Vila Nova de Tazem'),
(1285, 124, 'Adão'),
(1286, 124, 'Aldeia do Bispo'),
(1287, 124, 'Aldeia Viçosa'),
(1288, 124, 'Alvendre'),
(1289, 124, 'Arrifana'),
(1290, 124, 'Avelãs da Ribeira'),
(1291, 124, 'Avelãs de Ambom e Rocamondo'),
(1292, 124, 'Benespera'),
(1293, 124, 'Casal da Cinza'),
(1294, 124, 'Castanheira'),
(1295, 124, 'Cavadoude'),
(1296, 124, 'Codesseiro'),
(1297, 124, 'Corujeira e Trinta'),
(1298, 124, 'Faia'),
(1299, 124, 'Famalicão'),
(1300, 124, 'Fernão Joanes'),
(1301, 124, 'Gonçalo'),
(1302, 124, 'Gonçalo Bocas'),
(1303, 124, 'Guarda'),
(1304, 124, 'Jarmelo São Miguel'),
(1305, 124, 'Jarmelo São Pedro'),
(1306, 124, 'João Antão'),
(1307, 124, 'Maçainhas'),
(1308, 124, 'Marmeleiro'),
(1309, 124, 'Meios'),
(1310, 124, 'Mizarela, Pêro Soares e Vila Soeiro'),
(1311, 124, 'Panoiais de Cima'),
(1312, 124, 'Pega'),
(1313, 124, 'Pêra do Moco'),
(1314, 124, 'Porto da Carne'),
(1315, 124, 'Pousade e Albardo'),
(1316, 124, 'Ramela'),
(1317, 124, 'Rochoso e Monte Margarida'),
(1318, 124, 'Santana e Azinha'),
(1319, 124, 'Sobral da Serra'),
(1320, 124, 'Vale de Estrela'),
(1321, 124, 'Valhelhas'),
(1322, 124, 'Vela'),
(1323, 124, 'Videmonte'),
(1324, 124, 'Vila Cortês do Mondego'),
(1325, 124, 'Vila Fernando'),
(1326, 124, 'Vila Franca do Deão'),
(1327, 124, 'Vila Garcia'),
(1328, 125, 'Manteigas (Santa Maria)'),
(1329, 125, 'Manteigas (São Pedro)'),
(1330, 125, 'Sameiro'),
(1331, 125, 'Vale de Amoreira'),
(1332, 126, 'Aveloso'),
(1333, 126, 'Barreira'),
(1334, 126, 'Coriscada'),
(1335, 126, 'Longroiva'),
(1336, 126, 'Marialva'),
(1337, 126, 'Mêda, Outeiro de Gatos e Fonte Longa'),
(1338, 126, 'Poço do Canto'),
(1339, 126, 'Prova e Casteição'),
(1340, 126, 'Rabaçal'),
(1341, 126, 'Ranhados'),
(1342, 126, 'Vale Flor, Carvalhal e Pai Penela'),
(1343, 127, 'Agregação das Freguesias Sul de Pinhel'),
(1344, 127, 'Alto do Palurdo'),
(1345, 127, 'Alverca da Beira/Bouça Cova'),
(1346, 127, 'Atalaia e Safurdão'),
(1347, 127, 'Ervedosa'),
(1348, 127, 'Freixedas'),
(1349, 127, 'Lamegal'),
(1350, 127, 'Lameiras'),
(1351, 127, 'Manigoto'),
(1352, 127, 'Pala'),
(1353, 127, 'Pinhel'),
(1354, 127, 'Pínzio'),
(1355, 127, 'Souro Pires'),
(1356, 127, 'Terras de Massueime'),
(1357, 127, 'Valbom/Bogalhal'),
(1358, 127, 'Vale do Côa'),
(1359, 127, 'Vale do Massuieme'),
(1360, 127, 'Vascoveiro'),
(1361, 128, 'Águas Belas'),
(1362, 128, 'Aldeia da Ponte'),
(1363, 128, 'Aldeia da Ribeira, Vilar Maior e Badamalos'),
(1364, 128, 'Aldeia do Bispo'),
(1365, 128, 'Aldeia Velha'),
(1366, 128, 'Alfaiates'),
(1367, 128, 'Baraçal'),
(1368, 128, 'Bendada'),
(1369, 128, 'Bismula'),
(1370, 128, 'Casteleiro'),
(1371, 128, 'Cerdeira'),
(1372, 128, 'Foios'),
(1373, 128, 'Lajeosa e Forcalhos'),
(1374, 128, 'Malcata'),
(1375, 128, 'Nave'),
(1376, 128, 'Pousafoles do Bispo, Pena Lobo e Lomba'),
(1377, 128, 'Quadrazais'),
(1378, 128, 'Quintas de São Bartolomeu'),
(1379, 128, 'Rapoula do Coa'),
(1380, 128, 'Rebolosa'),
(1381, 128, 'Rendo'),
(1382, 128, 'Ruvina, Ruivós e Vale de Éguas'),
(1383, 128, 'Sabugal e Aldeia de Santo António'),
(1384, 128, 'Santo Estêvão e Moita'),
(1385, 128, 'Seixo do Côa e Vale Longo'),
(1386, 128, 'Sortelha'),
(1387, 128, 'Souto'),
(1388, 128, 'Vale de Espinho'),
(1389, 128, 'Vila Boa'),
(1390, 128, 'Vila do Touro'),
(1391, 129, 'Alvoco da Serra'),
(1392, 129, 'Carragozela e Várzea de Meruge'),
(1393, 129, 'Girabolhos'),
(1394, 129, 'Loriga'),
(1395, 129, 'Paranhos'),
(1396, 129, 'Pinhanços'),
(1397, 129, 'Sabugueiro'),
(1398, 129, 'Sameice e Santa Eulália'),
(1399, 129, 'Sandomil'),
(1400, 129, 'Santa Comba'),
(1401, 129, 'Santa Marinha e São Martinho'),
(1402, 129, 'Santiago'),
(1403, 129, 'Sazes da Beira'),
(1404, 129, 'Seia, São Romão e Lapa dos Dinheiros'),
(1405, 129, 'Teixeira'),
(1406, 129, 'Torrozelo e Folhadosa'),
(1407, 129, 'Tourais e Lajes'),
(1408, 129, 'Travancinha'),
(1409, 129, 'Valezim'),
(1410, 129, 'Vide e Cabeça'),
(1411, 129, 'Vila Cova à Coelheira'),
(1412, 130, 'Aldeia Nova'),
(1413, 130, 'Castanheira'),
(1414, 130, 'Cogula'),
(1415, 130, 'Cótimos'),
(1416, 130, 'Fiães'),
(1417, 130, 'Freches e Torres'),
(1418, 130, 'Granja'),
(1419, 130, 'Guilheiro'),
(1420, 130, 'Moimentinha'),
(1421, 130, 'Moreira do Rei'),
(1422, 130, 'Palhais'),
(1423, 130, 'Póvoa do Concelho'),
(1424, 130, 'Reboleiro'),
(1425, 130, 'Rio de Mel'),
(1426, 130, 'Tamanhos'),
(1427, 130, 'Torre do Terrenho, Sebadelhe da Serra e Terrenho'),
(1428, 130, 'Trancoso (São Pedro e Santa Maria) e Souto Maior'),
(1429, 130, 'Valdujo'),
(1430, 130, 'Vale do Seixo e Vila Garcia'),
(1431, 130, 'Vila Franca das Naves e Feital'),
(1432, 130, 'Vilares e Carnicães'),
(1433, 131, 'Almendra'),
(1434, 131, 'Castelo Melhor'),
(1435, 131, 'Cedovim'),
(1436, 131, 'Chãs'),
(1437, 131, 'Custóias'),
(1438, 131, 'Freixo de Numão'),
(1439, 131, 'Horta'),
(1440, 131, 'Muxagata'),
(1441, 131, 'Numão'),
(1442, 131, 'Santa Comba'),
(1443, 131, 'Sebadelhe'),
(1444, 131, 'Seixas'),
(1445, 131, 'Touca'),
(1446, 131, 'Vila Nova de Foz Côa'),
(1447, 132, 'Guadalupe'),
(1448, 132, 'Luz'),
(1449, 132, 'Santa Cruz da Graciosa'),
(1450, 132, 'São Mateus'),
(1451, 133, 'Arco da Calheta'),
(1452, 133, 'Calheta'),
(1453, 133, 'Estreito da Calheta'),
(1454, 133, 'Fajã da Ovelha'),
(1455, 133, 'Jardim do Mar'),
(1456, 133, 'Paul do Mar'),
(1457, 133, 'Ponta do Pargo'),
(1458, 133, 'Prazeres'),
(1459, 134, 'Câmara de Lobos'),
(1460, 134, 'Curral das Freiras'),
(1461, 134, 'Estreito Câmara de Lobos'),
(1462, 134, 'Jardim da Serra'),
(1463, 134, 'Quinta Grande'),
(1464, 135, 'Funchal (Santa Luzia)'),
(1465, 135, 'Funchal (Santa Maria Maior)'),
(1466, 135, 'Funchal (São Pedro)'),
(1467, 135, 'Funchal (Sé)'),
(1468, 135, 'Imaculado Coração Maria'),
(1469, 135, 'Monte'),
(1470, 135, 'Santo António'),
(1471, 135, 'São Gonçalo'),
(1472, 135, 'São Martinho'),
(1473, 135, 'São Roque'),
(1474, 136, 'Água de Pena'),
(1475, 136, 'Caniçal'),
(1476, 136, 'Machico'),
(1477, 136, 'Porto da Cruz'),
(1478, 136, 'Santo António da Serra'),
(1479, 137, 'Canhas'),
(1480, 137, 'Madalena do Mar'),
(1481, 137, 'Ponta do Sol'),
(1482, 138, 'Achadas da Cruz'),
(1483, 138, 'Porto Moniz'),
(1484, 138, 'Ribeira da Janela'),
(1485, 138, 'Seixal'),
(1486, 139, 'Campanário'),
(1487, 139, 'Ribeira Brava'),
(1488, 139, 'Serra de Água'),
(1489, 139, 'Tabua'),
(1490, 140, 'Camacha'),
(1491, 140, 'Caniço'),
(1492, 140, 'Caniço'),
(1493, 140, 'Gaula'),
(1494, 140, 'Santa Cruz'),
(1495, 140, 'Santo António da Serra'),
(1496, 141, 'Arco de São Jorge'),
(1497, 141, 'Faial'),
(1498, 141, 'Ilha'),
(1499, 141, 'Santana'),
(1500, 141, 'São Jorge'),
(1501, 141, 'São Roque do Faial'),
(1502, 142, 'São Ventura'),
(1503, 142, 'Ponta Delgada'),
(1504, 142, 'São Vicente'),
(1505, 143, 'Fajã Grande'),
(1506, 143, 'Fajãzinha'),
(1507, 143, 'Fazenda'),
(1508, 143, 'Lajedo'),
(1509, 143, 'Lages das Flores'),
(1510, 143, 'Lomba'),
(1511, 143, 'Mosteiro'),
(1512, 144, 'Caveira'),
(1513, 144, 'Cedros'),
(1514, 144, 'Ponta Delgada'),
(1515, 144, 'Santa Cruz das Flores'),
(1516, 145, 'Porto Santo'),
(1517, 146, 'Almagreira'),
(1518, 146, 'Santa Bárbara'),
(1519, 146, 'Santo Espírito'),
(1520, 146, 'São Pedro'),
(1521, 146, 'Vila do Porto'),
(1522, 147, 'Calheta'),
(1523, 147, 'Norte Pequeno'),
(1524, 147, 'Ribeira Seca'),
(1525, 147, 'Santo Antão'),
(1526, 147, 'Topo (Nossa Senhora do Rosário)'),
(1527, 148, 'Manadas (Santa Bárbara)'),
(1528, 148, 'Norte Grande (Neves)'),
(1529, 148, 'Rosais'),
(1530, 148, 'Santo Amaro'),
(1531, 148, 'Urzelina (São Mateus)'),
(1532, 148, 'Velas (São Jorge)'),
(1533, 149, 'Água de Pau'),
(1534, 149, 'Cabouco'),
(1535, 149, 'Lagoa (Nossa Senhora do Rosário)'),
(1536, 149, 'Lagoa (Santa Cruz)'),
(1537, 149, 'Ribeira Chã'),
(1538, 150, 'Achada'),
(1539, 150, 'Achadinha'),
(1540, 150, 'Algarvia'),
(1541, 150, 'Lomba da Fazenda'),
(1542, 150, 'Nordeste'),
(1543, 150, 'Salga'),
(1544, 150, 'Santana'),
(1545, 150, 'Santo António de Nordestinho'),
(1546, 150, 'São Pedro de Nordestinho'),
(1547, 151, 'Ajuda da Bretanha'),
(1548, 151, 'Arrifes'),
(1549, 151, 'Candelária'),
(1550, 151, 'Capelas'),
(1551, 151, 'Covoada'),
(1552, 151, 'Fajã de Baixo'),
(1553, 151, 'Fajã de Cima'),
(1554, 151, 'Fenais da Luz'),
(1555, 151, 'Feteiras'),
(1556, 151, 'Ginetes'),
(1557, 151, 'Mosteiros'),
(1558, 151, 'Pilar da Bretanha'),
(1559, 151, 'Ponta Delgada (São José)'),
(1560, 151, 'Ponta Delgada (São Pedro)'),
(1561, 151, 'Ponta Delgada (São Sebastião)'),
(1562, 151, 'Relva'),
(1563, 151, 'Remédios'),
(1564, 151, 'Rosto de Cão (Livramento)'),
(1565, 151, 'Rosto de Cão (São Roque)'),
(1566, 151, 'Santa Bárbara'),
(1567, 151, 'Santa Clara'),
(1568, 151, 'Santo António'),
(1569, 151, 'São Vicente Ferreira'),
(1570, 151, 'Sete Cidades'),
(1571, 152, 'Água Retorta'),
(1572, 152, 'Faial da Terra'),
(1573, 152, 'Furnas'),
(1574, 152, 'Nossa Senhora dos Remédios'),
(1575, 152, 'Povoação'),
(1576, 152, 'Ribeira Quente'),
(1577, 153, 'Calhetas'),
(1578, 153, 'Fenais da Ajuda'),
(1579, 153, 'Lomba da Maia'),
(1580, 153, 'Lomba de São Pedro'),
(1581, 153, 'Maia'),
(1582, 153, 'Pico da Pedra'),
(1583, 153, 'Porto Formoso'),
(1584, 153, 'Rabo de Peixe'),
(1585, 153, 'Ribeira Grande (Conceição)'),
(1586, 153, 'Ribeira Grande (Matriz)'),
(1587, 153, 'Ribeira Seca'),
(1588, 153, 'Ribeirinha'),
(1589, 153, 'Santa Bárbara'),
(1590, 153, 'São Brás'),
(1591, 154, 'Água de Alto'),
(1592, 154, 'Ponta Garça'),
(1593, 154, 'Ribeira das Tainhas'),
(1594, 154, 'Ribeira Seca'),
(1595, 154, 'Vila Franca do Campo (São Miguel)'),
(1596, 154, 'Vila Franca do Campo (São Pedro)'),
(1597, 155, 'Corvo'),
(1598, 156, 'Capelo'),
(1599, 156, 'Castelo Branco'),
(1600, 156, 'Cedros'),
(1601, 156, 'Feteira'),
(1602, 156, 'Flamengos'),
(1603, 156, 'Horta (Angústias)'),
(1604, 156, 'Horta (Conceição)'),
(1605, 156, 'Horta (Matriz)'),
(1606, 156, 'Pedro Miguel'),
(1607, 156, 'Praia do Almoxarife'),
(1608, 156, 'Praia do Norte'),
(1609, 156, 'Ribeirinha'),
(1610, 156, 'Salão'),
(1611, 157, 'Calheta de Nesquim'),
(1612, 157, 'Lajes do Pico'),
(1613, 157, 'Piedade'),
(1614, 157, 'Ribeiras'),
(1615, 157, 'Ribeirinha'),
(1616, 157, 'São João'),
(1617, 158, 'Bandeiras'),
(1618, 158, 'Candelária'),
(1619, 158, 'Criação Velha'),
(1620, 158, 'Madalena'),
(1621, 158, 'São Caetano'),
(1622, 158, 'São Mateus'),
(1623, 159, 'Prainha'),
(1624, 159, 'Santa Luzia'),
(1625, 159, 'Santo Amaro'),
(1626, 159, 'Santo António'),
(1627, 159, 'São Roque do Pico'),
(1628, 160, 'Altares'),
(1629, 160, 'Angra (Nossa Senhora da conceição)'),
(1630, 160, 'Angra (Santa Luzia)'),
(1631, 160, 'Angra (São Pedro)'),
(1632, 160, 'Angra (Sé)'),
(1633, 160, 'Cinco Ribeiras'),
(1634, 160, 'Doze Ribeiras'),
(1635, 160, 'Feteira'),
(1636, 160, 'Porto Judeu'),
(1637, 160, 'Porto Santo'),
(1638, 160, 'Raminho'),
(1639, 160, 'Ribeirinho'),
(1640, 160, 'Santa Bárbara'),
(1641, 160, 'São Bartolomeu de Regatos'),
(1642, 160, 'São Bento'),
(1643, 160, 'São Mateus da Calheta'),
(1644, 160, 'Serrata'),
(1645, 160, 'Terra Chã'),
(1646, 160, 'Vila de São Sebastião'),
(1647, 161, 'Agualva'),
(1648, 161, 'Biscoitos'),
(1649, 161, 'Cabo da Praia'),
(1650, 161, 'Fonte do Bastardo'),
(1651, 161, 'Fontinhas'),
(1652, 161, 'Lajes'),
(1653, 161, 'Porto Martins'),
(1654, 161, 'Praia da Vitória (Santa Cruz)'),
(1655, 161, 'Quatro Ribeiras'),
(1656, 161, 'São Brás'),
(1657, 161, 'Vila Nova'),
(1658, 162, 'Alcobaça e Vestiaria'),
(1659, 162, 'Alfeizerão'),
(1660, 162, 'Aljubarrota'),
(1661, 162, 'Bárrio'),
(1662, 162, 'Benedita'),
(1663, 162, 'Cela'),
(1664, 162, 'Coz, Alpedriz e Montes'),
(1665, 162, 'Évora de Alcobaça'),
(1666, 162, 'Maiorga'),
(1667, 162, 'Pataias e Martingança'),
(1668, 162, 'São Martinho do Porto'),
(1669, 162, 'Turquel'),
(1670, 162, 'Vimeiro'),
(1671, 163, 'Almoster'),
(1672, 163, 'Alvaiázere'),
(1673, 163, 'Maçãs de Dona Maria'),
(1674, 163, 'Pelmá'),
(1675, 163, 'Pussos São Pedro'),
(1676, 164, 'Alvorge'),
(1677, 164, 'Ansião'),
(1678, 164, 'Avelar'),
(1679, 164, 'Chão de Couce'),
(1680, 164, 'Pousaflores'),
(1681, 164, 'Santiago da Guarda'),
(1682, 165, 'Batalha'),
(1683, 165, 'Golpilheira'),
(1684, 165, 'Reguengo do Fetal'),
(1685, 165, 'São Mamede'),
(1686, 166, 'Bombarral e Vale Covo'),
(1687, 166, 'Carvalhal'),
(1688, 166, 'Pó'),
(1689, 166, 'Roliça'),
(1690, 167, 'A dos Francos'),
(1691, 167, 'Alvorninha'),
(1692, 167, 'Caldas da Rainha - Santo Onofre e Serra do Bouro'),
(1693, 167, 'Carvalhal Benfeito'),
(1694, 167, 'Foz do Arelho'),
(1695, 167, 'Landal'),
(1696, 167, 'Nadadouro'),
(1697, 167, 'Nossa Senhora do Pópulo, Coto e São Gregório'),
(1698, 167, 'Salir de Matos'),
(1699, 167, 'Santa Catarina'),
(1700, 167, 'Tornada e Salir do Porto'),
(1701, 167, 'Vidais'),
(1702, 168, 'Castanheira de Pêra e Coentral'),
(1703, 169, 'Aguda'),
(1704, 169, 'Arega'),
(1705, 169, 'Campelo'),
(1706, 169, 'Figueiró dos Vinhos e Bairradas'),
(1707, 170, 'Amor'),
(1708, 170, 'Arrabal'),
(1709, 170, 'Bajouca'),
(1710, 170, 'Bidoeira de Cima'),
(1711, 170, 'Caranguejeira'),
(1712, 170, 'Coimbrão'),
(1713, 170, 'Colmeias e Memória'),
(1714, 170, 'Leiria, Pousos, Barreira e Cortes'),
(1715, 170, 'Maceira'),
(1716, 170, 'Marrazes e Barosa'),
(1717, 170, 'Milagres'),
(1718, 170, 'Monte Real e Carvide'),
(1719, 170, 'Monte Redondo e Carreira'),
(1720, 170, 'Parceiros e Azoia'),
(1721, 170, 'Regueira de Pontes'),
(1722, 170, 'Santa Catarina da Serra e Chainça'),
(1723, 170, 'Santa Eufémia e Boa Vista'),
(1724, 170, 'Souto da Carpalhosa e Ortigosa'),
(1725, 171, 'Marinha Grande'),
(1726, 171, 'Moita'),
(1727, 171, 'Vieira de Leiria'),
(1728, 172, 'Famalicão'),
(1729, 172, 'Nazaré'),
(1730, 172, 'Valado dos Frades'),
(1731, 173, 'A dos Negros'),
(1732, 173, 'Amoreira'),
(1733, 173, 'Gaeiras'),
(1734, 173, 'Olho Marinho'),
(1735, 173, 'Santa Maria, São Pedro e Sobral da Lagoa'),
(1736, 173, 'Usseira'),
(1737, 173, 'Vau'),
(1738, 174, 'Graça'),
(1739, 174, 'Pedrógão Grande'),
(1740, 174, 'Vila Facaia'),
(1741, 175, 'Atouguia da Baleia'),
(1742, 175, 'Ferrel'),
(1743, 175, 'Peniche'),
(1744, 175, 'Serra D´El Rei'),
(1745, 176, 'Abiul'),
(1746, 176, 'Almagreira'),
(1747, 176, 'Carnide'),
(1748, 176, 'Carriço'),
(1749, 176, 'Guia, Ilha e Mata Mourisca'),
(1750, 176, 'Louriçal'),
(1751, 176, 'Meirinhas'),
(1752, 176, 'Pelariga'),
(1753, 176, 'Pombal'),
(1754, 176, 'Redinha'),
(1755, 176, 'Santiago e S.Simão de Litém e Albergaria dos Doze'),
(1756, 176, 'Vermoil'),
(1757, 176, 'Vila Cã'),
(1758, 177, 'Alqueidão da Serra'),
(1759, 177, 'Alvados e Alcaria'),
(1760, 177, 'Arrimal e Mendiga');
INSERT INTO `freguesias` (`freguesiaid`, `concelhoid`, `freguesia`) VALUES
(1761, 177, 'Calvaria de Cima'),
(1762, 177, 'Juncal'),
(1763, 177, 'Mira de Aire'),
(1764, 177, 'Pedreiras'),
(1765, 177, 'Porto de Mós - São João Baptista e São Pedro'),
(1766, 177, 'São Bento'),
(1767, 177, 'Serro Ventoso'),
(1768, 178, 'Abrigada e Cabanas de Torres'),
(1769, 178, 'Aldeia Galega da Merceana e Aldeia Gavinha'),
(1770, 178, 'Alenquer (Santo estêvão e Triana)'),
(1771, 178, 'Carnota'),
(1772, 178, 'Carregado e Cadafais'),
(1773, 178, 'Meca'),
(1774, 178, 'Olhalvo'),
(1775, 178, 'Ota'),
(1776, 178, 'Ribafria e Pereiro de Palhacana'),
(1777, 178, 'Ventosa'),
(1778, 178, 'Vila Verde dos Francos'),
(1779, 179, 'Águas Livres'),
(1780, 179, 'Alfragide'),
(1781, 179, 'Encosta do Sol'),
(1782, 179, 'Falagueira-Venda Nova'),
(1783, 179, 'Mina de Água'),
(1784, 179, 'Venteira'),
(1785, 180, 'Arranhó'),
(1786, 180, 'Arruda dos Vinhos'),
(1787, 180, 'Cardosas'),
(1788, 180, 'Santiago dos Velhos'),
(1789, 181, 'Alcoentre'),
(1790, 181, 'Aveiras de Baixo'),
(1791, 181, 'Aveiras de Cima'),
(1792, 181, 'Azambuja'),
(1793, 181, 'Manique do Intendente, V.N.De S.Pedro e Maçussa'),
(1794, 181, 'Vale do Paraíso'),
(1795, 181, 'Vila Nova da Rainha'),
(1796, 182, 'Alguber'),
(1797, 182, 'Cadaval e Pêro Moniz'),
(1798, 182, 'Lamas e Cercal'),
(1799, 182, 'Painho e Figueiros'),
(1800, 182, 'Peral'),
(1801, 182, 'Vermelha'),
(1802, 182, 'Vilar'),
(1803, 183, 'Alcabideche'),
(1804, 183, 'Carcavelos e Parede'),
(1805, 183, 'Cascais e Estoril'),
(1806, 183, 'São Domingos de Rana'),
(1807, 184, 'Ajuda'),
(1808, 184, 'Alcântara'),
(1809, 184, 'Alvalade'),
(1810, 184, 'Areeiro'),
(1811, 184, 'Arroios'),
(1812, 184, 'Avenidas Novas'),
(1813, 184, 'Beato'),
(1814, 184, 'Belém'),
(1815, 184, 'Benfica'),
(1816, 184, 'Campo de Ourique'),
(1817, 184, 'Campolide'),
(1818, 184, 'Carnide'),
(1819, 184, 'Estrela'),
(1820, 184, 'Lumiar'),
(1821, 184, 'Marvila'),
(1822, 184, 'Misericórdia'),
(1823, 184, 'Olivais'),
(1824, 184, 'Parque das Nações'),
(1825, 184, 'Penha de França'),
(1826, 184, 'Santa Clara'),
(1827, 184, 'Santa Maria Maior'),
(1828, 184, 'Santo António'),
(1829, 184, 'São Domingos de Benfica'),
(1830, 184, 'São Vicente'),
(1831, 185, 'Bucelas'),
(1832, 185, 'Camarate, Unhos e Apelação'),
(1833, 185, 'Fanhões'),
(1834, 185, 'Loures'),
(1835, 185, 'Lousa'),
(1836, 185, 'Moscavide e Portela'),
(1837, 185, 'Sacavém e Prior Velho'),
(1838, 185, 'Santa Iria da Azoia, São João da Talha e Bobadela'),
(1839, 185, 'Santo Antão e São Julião do Tojal'),
(1840, 185, 'Santo António dos Cavaleiros e Frielas'),
(1841, 186, 'Lourinhã e Atalaia'),
(1842, 186, 'Miragaia e Marteleira'),
(1843, 186, 'Moita dos Ferreiros'),
(1844, 186, 'Reguengo Grande'),
(1845, 186, 'Ribamar'),
(1846, 186, 'Santa Bárbara'),
(1847, 186, 'São Bartolomeu dos Galegos e Moledo'),
(1848, 186, 'Vimeiro'),
(1849, 187, 'Azueira e Sobral da Abelheira'),
(1850, 187, 'Carvoeira'),
(1851, 187, 'Encarnação'),
(1852, 187, 'Enxara do Bispo, Gradil e Vila Franca do Rosário'),
(1853, 187, 'Ericeira'),
(1854, 187, 'Igreja Nova e Cheleiros'),
(1855, 187, 'Mafra'),
(1856, 187, 'Malveira e São Miguel de Alcainça'),
(1857, 187, 'Milharado'),
(1858, 187, 'Santo Isidoro'),
(1859, 187, 'Venda do Pinheiro e Santo Estêvão das Galés'),
(1860, 188, 'Odivelas'),
(1861, 188, 'Pontinha e Famões'),
(1862, 188, 'Póvoa de Santo Adrião e Olival Basto'),
(1863, 188, 'Ramada e Caneças'),
(1864, 189, 'Algés, Linda-a-Velha e Cruz Quebrada-Dafundo'),
(1865, 189, 'Barcarena'),
(1866, 189, 'Carnaxide e Queijas'),
(1867, 189, 'Oeiras e São Julião da Barra, Paço de Arcos e Caxias'),
(1868, 189, 'Porto Salvo'),
(1869, 190, 'Agualva e Mira-Sintra'),
(1870, 190, 'Algueirão-Mem Martins'),
(1871, 190, 'Almargem do Bispo, Pêro Pinheiro e Montelavar'),
(1872, 190, 'Cacém e São Marcos'),
(1873, 190, 'Casal de Cambra'),
(1874, 190, 'Colares'),
(1875, 190, 'Massamá e Monte Abraão'),
(1876, 190, 'Queluz e Belas'),
(1877, 190, 'Rio de Mouro'),
(1878, 190, 'S.Maria e S.Miguel, S.Martinho, S.Pedro Penaferrim'),
(1879, 190, 'São João das Lampas e Terrugem'),
(1880, 191, 'Santo Quintino'),
(1881, 191, 'Sapataria'),
(1882, 191, 'Sobral de Monte Agraço'),
(1883, 192, 'A dos Cunhados e Maceira'),
(1884, 192, 'Campelos e Outeiro da Cabeça'),
(1885, 192, 'Carvoeira e Carmões'),
(1886, 192, 'Dois Portos e Runa'),
(1887, 192, 'Freiria'),
(1888, 192, 'Maxial e Monte Redondo'),
(1889, 192, 'Ponte do Rol'),
(1890, 192, 'Ramalhal'),
(1891, 192, 'S.P., Santiago, S.M. Castelo e S.Miguel, Matacães'),
(1892, 192, 'São Pedro da Cadeira'),
(1893, 192, 'Silveira'),
(1894, 192, 'Turcifal'),
(1895, 192, 'Ventosa'),
(1896, 193, 'Alhandra, São João dos Montes e Calhandriz'),
(1897, 193, 'Alverca do Ribatejo e Sobralinho'),
(1898, 193, 'Castanheira do Ribatejo e Cashoeiras'),
(1899, 193, 'Póvoa de Santa Iria e Forte da Casa'),
(1900, 193, 'Vialonga'),
(1901, 193, 'Vila Franca de Xira'),
(1902, 194, 'Alter do Chão'),
(1903, 194, 'Chancelaria'),
(1904, 194, 'Cunheira'),
(1905, 194, 'Seda'),
(1906, 195, 'Assunção'),
(1907, 195, 'Esperança'),
(1908, 195, 'Mosteiros'),
(1909, 196, 'Alcórrego e Maranhão'),
(1910, 196, 'Aldeia Velha'),
(1911, 196, 'Avis'),
(1912, 196, 'Benavila e Valongo'),
(1913, 196, 'Ervedal'),
(1914, 196, 'Figueira e Barros'),
(1915, 197, 'Nossa Senhora da Expectação'),
(1916, 197, 'Nossa Senhora Graça Degolados'),
(1917, 197, 'São João Batista'),
(1918, 198, 'Nossa Senhora Graça Póvoa Meadas'),
(1919, 198, 'Santa Maria da Devesa'),
(1920, 198, 'Santiago Maior'),
(1921, 198, 'São João Batista'),
(1922, 199, 'Aldeia da Mata'),
(1923, 199, 'Crato e Mártires, Flor da Rosa e Vale do Peso'),
(1924, 199, 'Gáfete'),
(1925, 199, 'Monte da Pedra'),
(1926, 200, 'Assunção, Ajuda, Salvador e Santo Ildefonso'),
(1927, 200, 'Barbacena e Vila Fernando'),
(1928, 200, 'Caia, São Pedro e Alcáçova'),
(1929, 200, 'Santa Eulália'),
(1930, 200, 'São Brás e São Lourenço'),
(1931, 200, 'São Vicente e Ventosa'),
(1932, 200, 'Terrugem e Vila Boim'),
(1933, 201, 'Cabeço de Vide'),
(1934, 201, 'Fronteira'),
(1935, 201, 'São Saturnino'),
(1936, 202, 'Belver'),
(1937, 202, 'Comenda'),
(1938, 202, 'Gavião e Atalaia'),
(1939, 202, 'Margem'),
(1940, 203, 'Beirã'),
(1941, 203, 'Santa Maria de Marvão'),
(1942, 203, 'Santo António das Areias'),
(1943, 203, 'São Salvador da Aramenha'),
(1944, 204, 'Assumar'),
(1945, 204, 'Monforte'),
(1946, 204, 'Santo Aleixo'),
(1947, 204, 'Vaiamonte'),
(1948, 205, 'Alpalhão'),
(1949, 205, 'Arez e Amieira do Tejo'),
(1950, 205, 'Espírito Santo, Nossa Senhora da Graça e São Simão'),
(1951, 205, 'Montalvão'),
(1952, 205, 'Santana'),
(1953, 205, 'São Matias'),
(1954, 205, 'Tolosa'),
(1955, 206, 'Foros de Arrão'),
(1956, 206, 'Galveias'),
(1957, 206, 'Longomel'),
(1958, 206, 'Montargil'),
(1959, 206, 'Ponte de Sor, Tramaga e Vale de Açor'),
(1960, 207, 'Alagoa'),
(1961, 207, 'Alegrete'),
(1962, 207, 'Fortios'),
(1963, 207, 'Reguengo e São Julião'),
(1964, 207, 'Ribeira de Nisa e Carreiras'),
(1965, 207, 'Sé e São Lourenço'),
(1966, 207, 'Urra'),
(1967, 208, 'Cano'),
(1968, 208, 'Casa Branca'),
(1969, 208, 'Santo Amaro'),
(1970, 208, 'Sousel'),
(1971, 209, 'Aboadela, Sanche e Várzea'),
(1972, 209, 'Amarante (São Gonçalo), Madalena, Cepelos e Gatão'),
(1973, 209, 'Ansiães'),
(1974, 209, 'Bustelo, Carneiro e Carvalho de Rei'),
(1975, 209, 'Candemil'),
(1976, 209, 'Figueiró (Santiago e Santa Cristina)'),
(1977, 209, 'Fregim'),
(1978, 209, 'Freixo de Cima e de Baixo'),
(1979, 209, 'Fridão'),
(1980, 209, 'Gondar'),
(1981, 209, 'Gouveia (São Simão)'),
(1982, 209, 'Jazente'),
(1983, 209, 'Lomba'),
(1984, 209, 'Louredo'),
(1985, 209, 'Lufrei'),
(1986, 209, 'Mancelos'),
(1987, 209, 'Olo e Canadelo'),
(1988, 209, 'Padronelo'),
(1989, 209, 'Real, Ataíde e Oliveira'),
(1990, 209, 'Rebordelo'),
(1991, 209, 'Salvador do Monte'),
(1992, 209, 'Telões'),
(1993, 209, 'Travanca'),
(1994, 209, 'Vila Caiz'),
(1995, 209, 'Vila Chã do Marão'),
(1996, 209, 'Vila Garcia, Aboim e Chapa'),
(1997, 210, 'Ancede e Ribadouro'),
(1998, 210, 'Baião (Santa Leocádia) e Mesquinhata'),
(1999, 210, 'Campelo e Ovil'),
(2000, 210, 'Frende'),
(2001, 210, 'Gestaçô'),
(2002, 210, 'Gove'),
(2003, 210, 'Grilo'),
(2004, 210, 'Loivos da Ribeira e Tresouras'),
(2005, 210, 'Loivos do Monte'),
(2006, 210, 'Santa Cruz do Douro e São Tomé de Covelas'),
(2007, 210, 'Santa Marinha do Zêzere'),
(2008, 210, 'Teixeira e Teixeiró'),
(2009, 210, 'Valadares'),
(2010, 210, 'Viariz'),
(2011, 211, 'Aião'),
(2012, 211, 'Airães'),
(2013, 211, 'Friande'),
(2014, 211, 'Idães'),
(2015, 211, 'Jugueiros'),
(2016, 211, 'Macieira da Lixa e Caramos'),
(2017, 211, 'Margaride, Várzea, Lagares, Varziela, Moure'),
(2018, 211, 'Pedreira, Rande e Sernande'),
(2019, 211, 'Penacova'),
(2020, 211, 'Pinheiro'),
(2021, 211, 'Pombeiro de Ribavizela'),
(2022, 211, 'Refontoura'),
(2023, 211, 'Regilde'),
(2024, 211, 'Revinhade'),
(2025, 211, 'Sendim'),
(2026, 211, 'Torrados e Sousa'),
(2027, 211, 'Unhão e Lordelo'),
(2028, 211, 'Vila Cova da Lixa e Borba de Godim'),
(2029, 211, 'Vila Fria e Vizela (São Jorge)'),
(2030, 211, 'Vila Verde e Santão'),
(2031, 212, 'Baguim do Monte (Rio Tinto)'),
(2032, 212, 'Fânzeres e São Pedro da Cova'),
(2033, 212, 'Foz do Sousa e Covelo'),
(2034, 212, 'Gondomar (São Cosme), Valbom e Jovim'),
(2035, 212, 'Lomba'),
(2036, 212, 'Melres e Medas'),
(2037, 212, 'Rio Tinto'),
(2038, 213, 'Aveleda'),
(2039, 213, 'Caíde de Rei'),
(2040, 213, 'Cernadelo e Lousada (São Miguel e Santa Margarida)'),
(2041, 213, 'Cristelos, Boim e Ordem'),
(2042, 213, 'Figueiras e Covas'),
(2043, 213, 'Lodares'),
(2044, 213, 'Lustosa e Barrosas (Santo Estêvão)'),
(2045, 213, 'Macieira'),
(2046, 213, 'Meinedo'),
(2047, 213, 'Nespereira e Casais'),
(2048, 213, 'Nevogilde'),
(2049, 213, 'Silvares, Pias, Nogueira e Alvarenga'),
(2050, 213, 'Sousela'),
(2051, 213, 'Torno'),
(2052, 213, 'Vilar do Torno e Alentém'),
(2053, 214, 'Águas Santas'),
(2054, 214, 'Castêlo da Maia'),
(2055, 214, 'Cidade da Maia'),
(2056, 214, 'Folgosa'),
(2057, 214, 'Milheirós'),
(2058, 214, 'Moreira'),
(2059, 214, 'Nogueira e Silva Escura'),
(2060, 214, 'Pedrouços'),
(2061, 214, 'São Pedro Fins'),
(2062, 214, 'Vila Nova da Telha'),
(2063, 215, 'Apendorada, Várzea e Torrão'),
(2064, 215, 'Avessadas e Rosém'),
(2065, 215, 'Banho e Carvalhosa'),
(2066, 215, 'Bem Viver'),
(2067, 215, 'Constance'),
(2068, 215, 'Livração'),
(2069, 215, 'Marco'),
(2070, 215, 'Paredes de Viadores e Manhuncelos'),
(2071, 215, 'Penhalonga e Paços de Gaiolo'),
(2072, 215, 'Sande e São Lourenço'),
(2073, 215, 'Soalhães'),
(2074, 215, 'Sobretâmega'),
(2075, 215, 'Tabuado'),
(2076, 215, 'Várzea, Aliviada e Folhada'),
(2077, 215, 'Vila Boa de Quires e Maureles'),
(2078, 215, 'Vila Boa do Bispo'),
(2079, 216, 'Custóias, Leça do Balio e Guifões'),
(2080, 216, 'Matosinhos e Leça da Palmeira'),
(2081, 216, 'Perafita, Lavra e Santa Cruz do Bispo'),
(2082, 216, 'São Mamede de Infesta e Senhora da Hora'),
(2083, 217, 'Carvalhosa'),
(2084, 217, 'Eiriz'),
(2085, 217, 'Ferreira'),
(2086, 217, 'Figueiró'),
(2087, 217, 'Frazão Arreigada'),
(2088, 217, 'Freamunde'),
(2089, 217, 'Meixomil'),
(2090, 217, 'Paços de Ferreira'),
(2091, 217, 'Penamaior'),
(2092, 217, 'Raimonda'),
(2093, 217, 'Sanfins Lamoso Codessos'),
(2094, 217, 'Seroa'),
(2095, 218, 'Aguiar de Sousa'),
(2096, 218, 'Astromil'),
(2097, 218, 'Baltar'),
(2098, 218, 'Beire'),
(2099, 218, 'Cete'),
(2100, 218, 'Cristelo'),
(2101, 218, 'Duas Igrejas'),
(2102, 218, 'Gandra'),
(2103, 218, 'Lordelo'),
(2104, 218, 'Louredo'),
(2105, 218, 'Parada de Todeia'),
(2106, 218, 'Paredes'),
(2107, 218, 'Rebordosa'),
(2108, 218, 'Recarei'),
(2109, 218, 'Sobreira'),
(2110, 218, 'Sobrosa'),
(2111, 218, 'Vandoma'),
(2112, 218, 'Vilela'),
(2113, 219, 'Abragão'),
(2114, 219, 'Boelhe'),
(2115, 219, 'Bustelo'),
(2116, 219, 'Cabeça Santa'),
(2117, 219, 'Canelas'),
(2118, 219, 'Capela'),
(2119, 219, 'Castelões'),
(2120, 219, 'Croca'),
(2121, 219, 'Duas Igrejas'),
(2122, 219, 'Eja'),
(2123, 219, 'Fonte Arcada'),
(2124, 219, 'Galegos'),
(2125, 219, 'Guilhufe e Urrô'),
(2126, 219, 'Irivo'),
(2127, 219, 'Lagares e Figueira'),
(2128, 219, 'Luzim e Vila Cova'),
(2129, 219, 'Oldrões'),
(2130, 219, 'Paço de Sousa'),
(2131, 219, 'Penafiel'),
(2132, 219, 'Perozelo'),
(2133, 219, 'Rans'),
(2134, 219, 'Recezinhos (São Mamede)'),
(2135, 219, 'Recezinhos (São Martinho)'),
(2136, 219, 'Rio de Moinhos'),
(2137, 219, 'Rio Mau'),
(2138, 219, 'Sebolido'),
(2139, 219, 'Termas de São Vicente'),
(2140, 219, 'Valpedre'),
(2141, 220, 'Aldoar, Foz do Douro e Nevogilde'),
(2142, 220, 'Bonfim'),
(2143, 220, 'Campanhã'),
(2144, 220, 'Cedofeita, Santo Ildefonso, Sé, Miragaia, São Nicolau e Vitória'),
(2145, 220, 'Lordelo do Ouro e Massarelos'),
(2146, 220, 'Paranhos'),
(2147, 220, 'Ramalde'),
(2148, 221, 'Aguçadoura e Navais'),
(2149, 221, 'Aver-O-Mar, Amorim e Terroso'),
(2150, 221, 'Balazar'),
(2151, 221, 'Estrela'),
(2152, 221, 'Laúndos'),
(2153, 221, 'Póvoa de Varzim, Beiriz e Argivai'),
(2154, 221, 'Rates'),
(2155, 222, 'Agrela'),
(2156, 222, 'Água Longa'),
(2157, 222, 'Areias, Sequeiró, Lama e Palmeira'),
(2158, 222, 'Aves'),
(2159, 222, 'Campo, S.Salvador Campo, Negrelos'),
(2160, 222, 'Carreira e Refojos de Riba de Ave'),
(2161, 222, 'Lamelas e Guimarei'),
(2162, 222, 'Monte Córdova'),
(2163, 222, 'Negrelos (São Tomé)'),
(2164, 222, 'Rebordões'),
(2165, 222, 'Reguenga'),
(2166, 222, 'Roriz'),
(2167, 222, 'St.Tirso, Couto (S.Cristina e S.Miguel) e Burgães'),
(2168, 222, 'Vilarinho'),
(2169, 223, 'Alvarelhos e Guidões'),
(2170, 223, 'Bougado (São Martinho e Santiago)'),
(2171, 223, 'Coronado (São Romão e São Mamede)'),
(2172, 223, 'Covelas'),
(2173, 223, 'Muro'),
(2174, 224, 'Alfena'),
(2175, 224, 'Campo e Sobrado'),
(2176, 224, 'Ermesinde'),
(2177, 224, 'Valongo'),
(2178, 225, 'Árvore'),
(2179, 225, 'Aveleda'),
(2180, 225, 'Azurara'),
(2181, 225, 'Bagunte, Ferreiró, Outeiro Maior e Parada'),
(2182, 225, 'Fajozes'),
(2183, 225, 'Fornelo e Vairão'),
(2184, 225, 'Gião'),
(2185, 225, 'Guilhabreu'),
(2186, 225, 'Junqueira'),
(2187, 225, 'Labrugue'),
(2188, 225, 'Macieira da Maia'),
(2189, 225, 'Malta e Canidelo'),
(2190, 225, 'Mindelo'),
(2191, 225, 'Modivas'),
(2192, 225, 'Retorta e Tougues'),
(2193, 225, 'Rio Mau e Arcos'),
(2194, 225, 'Touguinha e Touguinhó'),
(2195, 225, 'Vila Chã'),
(2196, 225, 'Vila do Conde'),
(2197, 225, 'Vilar de Pinheiro'),
(2198, 225, 'Vilar e Mosteiró'),
(2199, 226, 'Arcozelo'),
(2200, 226, 'Avintes'),
(2201, 226, 'Canelas'),
(2202, 226, 'Canidelo'),
(2203, 226, 'Grijó e Sermonde'),
(2204, 226, 'Gulpilhares e Valadares'),
(2205, 226, 'Madalena'),
(2206, 226, 'Mafamude e Vilar do Paraíso'),
(2207, 226, 'Oliveira do Douro'),
(2208, 226, 'Pedroso e Seixezelo'),
(2209, 226, 'Sandim, Olival, Lever e Crestuma'),
(2210, 226, 'Santa Marinha e São Pedro da Afurada'),
(2211, 226, 'São Felix da Marinha'),
(2212, 226, 'Serzedo e Perosinho'),
(2213, 226, 'Vilar de Andorinho'),
(2214, 227, 'Abrantes (São Vicente e São João) e Alferrarede'),
(2215, 227, 'Aldeia do Mato e Souto'),
(2216, 227, 'Alvega e Concavada'),
(2217, 227, 'Bemposta'),
(2218, 227, 'Carvalhal'),
(2219, 227, 'Fontes'),
(2220, 227, 'Martinchel'),
(2221, 227, 'Mouriscas'),
(2222, 227, 'Pego'),
(2223, 227, 'Rio de Moinhos'),
(2224, 227, 'São Facundo e Vale das Mós'),
(2225, 227, 'São Miguel do Rio Torto e Rossio Ao Sul do Tejo'),
(2226, 227, 'Tramagal'),
(2227, 228, 'Alcanena e Vila Moreira'),
(2228, 228, 'Bugalhos'),
(2229, 228, 'Malhou, Louriceira e Espinheiro'),
(2230, 228, 'Minde'),
(2231, 228, 'Moitas Venda'),
(2232, 228, 'Monsanto'),
(2233, 228, 'Serra de Santo António'),
(2234, 229, 'Almeirim'),
(2235, 229, 'Benfica do Ribatejo'),
(2236, 229, 'Fazendas de Almeirim'),
(2237, 229, 'Raposa'),
(2238, 230, 'Alpiarça'),
(2239, 231, 'Barrosa'),
(2240, 231, 'Benavente'),
(2241, 231, 'Samora Correia'),
(2242, 231, 'Santo Estevão'),
(2243, 232, 'Cartaxo e Vale da Pinta'),
(2244, 232, 'Ereira e Lapa'),
(2245, 232, 'Pontével'),
(2246, 232, 'Valada'),
(2247, 232, 'Vale da Pedra'),
(2248, 232, 'Vila Chã de Ourique'),
(2249, 233, 'Carregueira'),
(2250, 233, 'Chamusca e Pinheiro Grande'),
(2251, 233, 'Parreira e Chouto'),
(2252, 233, 'Ulme'),
(2253, 233, 'Vale de Cavalos'),
(2254, 234, 'Constância'),
(2255, 234, 'Montalvo'),
(2256, 234, 'Santa Margarida da Coutada'),
(2257, 235, 'Biscaínho'),
(2258, 235, 'Branca'),
(2259, 235, 'Coruche, Fajarda e Erra'),
(2260, 235, 'Couço'),
(2261, 235, 'Santana do Mato'),
(2262, 235, 'São José da Lamarosa'),
(2263, 236, 'Nossa Senhora de Fátima'),
(2264, 236, 'São João Baptista'),
(2265, 237, 'Águas Belas'),
(2266, 237, 'Areias e Pias'),
(2267, 237, 'Beco'),
(2268, 237, 'Chãos'),
(2269, 237, 'Ferreira do Zêzere'),
(2270, 237, 'Igreja Nova do Sobral'),
(2271, 237, 'Nossa Senhora do Pranto'),
(2272, 238, 'Azinhaga'),
(2273, 238, 'Golegã'),
(2274, 238, 'Pombalinho'),
(2275, 239, 'Amêndoa'),
(2276, 239, 'Cardigos'),
(2277, 239, 'Carvoeiro'),
(2278, 239, 'Envendos'),
(2279, 239, 'Mação, Penhascoso e Aboboreira'),
(2280, 239, 'Ortiga'),
(2281, 240, 'Alburitel'),
(2282, 240, 'Atouguia'),
(2283, 240, 'Caxarias'),
(2284, 240, 'Espite'),
(2285, 240, 'Fátima'),
(2286, 240, 'Freixianda, Ribeira do Fárrio e Formigais'),
(2287, 240, 'Gondemaria e Olival'),
(2288, 240, 'Matas e Cercal'),
(2289, 240, 'Nossa Senhora da Piedade'),
(2290, 240, 'Nossa Senhora Misericórdias'),
(2291, 240, 'Rio de Couros e Casal dos Bernardos'),
(2292, 240, 'Seiça'),
(2293, 240, 'Urqueira'),
(2294, 241, 'Alcobertas'),
(2295, 241, 'Arrouquelas'),
(2296, 241, 'Asseiceira'),
(2297, 241, 'Azambujeira e Malaqueijo'),
(2298, 241, 'Fráguas'),
(2299, 241, 'Marmeleira e Assentiz'),
(2300, 241, 'Outeiro da Cortiçada e Arruda dos Pisões'),
(2301, 241, 'Rio Maior'),
(2302, 241, 'São João da Ribeira e Ribeira de São João'),
(2303, 241, 'São Sebastião'),
(2304, 242, 'Glória do Ribatejo e Granho'),
(2305, 242, 'Marinhais'),
(2306, 242, 'Muge'),
(2307, 242, 'Salvaterra de Magos e Foros de Salvaterra'),
(2308, 243, 'Abitueiras'),
(2309, 243, 'Abrã'),
(2310, 243, 'Achete, Azoia de Baixo e Póvoa de Santarém'),
(2311, 243, 'Alcanede'),
(2312, 243, 'Alcanhões'),
(2313, 243, 'Almoster'),
(2314, 243, 'Amiais de Baixo'),
(2315, 243, 'Arneiro das Milhariças'),
(2316, 243, 'Azoia de Cima e Tremês'),
(2317, 243, 'Casével e Vaqueiros'),
(2318, 243, 'Gançaria'),
(2319, 243, 'Marvila, ribeira Santarém, S. Salvador, S. Nicolau'),
(2320, 243, 'Moçarria'),
(2321, 243, 'Pernas'),
(2322, 243, 'Póvoa da Isenta'),
(2323, 243, 'Romeira e Várzea'),
(2324, 243, 'São Vicente do Paul e Vale de Figueira'),
(2325, 243, 'Vale de Santarém'),
(2326, 244, 'Alcaravela'),
(2327, 244, 'Santiago de Montalegre'),
(2328, 244, 'Sardoal'),
(2329, 244, 'Valhascos'),
(2330, 245, 'Além da ribeira e Pedreira'),
(2331, 245, 'Asseiceira'),
(2332, 245, 'Carregueiros'),
(2333, 245, 'Casais e Alviobeira'),
(2334, 245, 'Madalena e Beselga'),
(2335, 245, 'Olalhas'),
(2336, 245, 'Paialvo'),
(2337, 245, 'Sabacheira'),
(2338, 245, 'São João Baptista e Santa Maria dos Olivais'),
(2339, 245, 'São Pedro de Tomar'),
(2340, 245, 'Serra e Junceira'),
(2341, 246, 'Assentiz'),
(2342, 246, 'Brogueira, Parceiros de Igreja e Alcorochel'),
(2343, 246, 'Chancelaria'),
(2344, 246, 'Meia Via'),
(2345, 246, 'Olaia e Paço'),
(2346, 246, 'Pedrógão'),
(2347, 246, 'Riachos'),
(2348, 246, 'Torres Novas (Santa Maria, Salvador e Santiago'),
(2349, 246, 'Torres Novas (São Pedro), Lapas e Ribeira Branca'),
(2350, 246, 'Zibreira'),
(2351, 247, 'Atalaia'),
(2352, 247, 'Praia do Ribatejo'),
(2353, 247, 'Tancos'),
(2354, 247, 'Vila Nova da Barquinha'),
(2355, 248, 'Comporta'),
(2356, 248, 'Santa Maria do Castelo e Santiago e Santa Susana'),
(2357, 248, 'São Martinho'),
(2358, 248, 'Torrão'),
(2359, 249, 'Alcochete'),
(2360, 249, 'Samouco'),
(2361, 249, 'São Francisco'),
(2362, 250, 'Almada, Cova da Piedade, Pragal e Cacilhas'),
(2363, 250, 'Caparica e Trafaria'),
(2364, 250, 'Charneca de Caparica e Sobreda'),
(2365, 250, 'Costa da Caparica'),
(2366, 250, 'Laranjeiro e Feijó'),
(2367, 251, 'Alto do Seixalinho, Santo André e Verderena'),
(2368, 251, 'Barreiro e Lavradio'),
(2369, 251, 'Palhais e Coina'),
(2370, 251, 'Santo António da Charneca'),
(2371, 252, 'Grândola Barros e São Mamede do Sádão'),
(2372, 252, 'Carvalhal'),
(2373, 252, 'Grândola e Santa Margarida da Serra'),
(2374, 252, 'Melides'),
(2375, 253, 'Alhos Vedros'),
(2376, 253, 'Baixa da Banheira e Vale da Amoreira'),
(2377, 253, 'Gaio-Rosário e Sarilhos Pequenos'),
(2378, 253, 'Moita'),
(2379, 254, 'Atalaia e Alto Estanqueiro-Jardia'),
(2380, 254, 'Canha'),
(2381, 254, 'Montijo e Afonsoeiro'),
(2382, 254, 'Pegões'),
(2383, 254, 'Sarilhos Grandes'),
(2384, 255, 'Palmela'),
(2385, 255, 'Pinhal Novo'),
(2386, 255, 'Poceirão e Marateca'),
(2387, 255, 'Quinta do Anjo'),
(2388, 256, 'Abela'),
(2389, 256, 'Alvalade'),
(2390, 256, 'Cercal'),
(2391, 256, 'Ermidas-Sado'),
(2392, 256, 'Santiago do Cacém, S.Cruz e S.Bartolomeu da Serra'),
(2393, 256, 'Santo André'),
(2394, 256, 'São Domingos e Vale de Água'),
(2395, 256, 'São Francisco da Serra'),
(2396, 257, 'Amora'),
(2397, 257, 'Corroios'),
(2398, 257, 'Fernão Ferro'),
(2399, 257, 'Seixal, Arrentela e Aldeia de Paio Pires'),
(2400, 258, 'Quinta do Conde'),
(2401, 258, 'Sesimbra (Castelo)'),
(2402, 258, 'Sesimbra (Santiago)'),
(2403, 259, 'Azeitão (São Lourenço e São Simão)'),
(2404, 259, 'Gâmbia-Pontes-Alto Guerra'),
(2405, 259, 'S.Julião, N.S. da Anunciada e S.Maria da Graça'),
(2406, 259, 'Sado'),
(2407, 259, 'São Sebastião'),
(2408, 260, 'Porto Covo'),
(2409, 260, 'Sines'),
(2410, 261, 'Aboim das Choças'),
(2411, 261, 'Aguiã'),
(2412, 261, 'Alvora e Loureda'),
(2413, 261, 'Arcos de Valdevez (São Paio) e Giela'),
(2414, 261, 'Ázere'),
(2415, 261, 'Cabana Maior'),
(2416, 261, 'Cabreiro'),
(2417, 261, 'Cendufe'),
(2418, 261, 'Couto'),
(2419, 261, 'Eiras e Mei'),
(2420, 261, 'Gavieira'),
(2421, 261, 'Gondoriz'),
(2422, 261, 'Grade e Carralcova'),
(2423, 261, 'Guilhadeses e Santar'),
(2424, 261, 'Jolda (Madalena) e Rio Cabrão'),
(2425, 261, 'Jolda (São Paio)'),
(2426, 261, 'Miranda'),
(2427, 261, 'Monte Redondo'),
(2428, 261, 'Oliveira'),
(2429, 261, 'Paçô'),
(2430, 261, 'Padreiro (Salvador e Santa Cristina)'),
(2431, 261, 'Padroso'),
(2432, 261, 'Portela e Extremo'),
(2433, 261, 'Prozelo'),
(2434, 261, 'Rio de Moinhos'),
(2435, 261, 'Rio Frio'),
(2436, 261, 'Sabadim'),
(2437, 261, 'Salvador, Vila Fonche e Parada'),
(2438, 261, 'São Jorge e Ermelo'),
(2439, 261, 'Senharei'),
(2440, 261, 'Sistelo'),
(2441, 261, 'Soajo'),
(2442, 261, 'Souto e Tabaçô'),
(2443, 261, 'Távora (Santa Maria e São Vicente)'),
(2444, 261, 'Vale'),
(2445, 261, 'Vilela, São Cosme e São Damião e Sá'),
(2446, 262, 'Âncora'),
(2447, 262, 'Arga (Baixo, Cima e São João)'),
(2448, 262, 'Argela'),
(2449, 262, 'Caminha (Matriz) e Vilarelho'),
(2450, 262, 'Dem'),
(2451, 262, 'Gondar e Orbacém'),
(2452, 262, 'Lanhelas'),
(2453, 262, 'Moledo e Cristelo'),
(2454, 262, 'Riba de Âncora'),
(2455, 262, 'Seixas'),
(2456, 262, 'Venade e Azevedo'),
(2457, 262, 'Vila Praia de Âncora'),
(2458, 262, 'Vilar de Mouros'),
(2459, 262, 'Vile'),
(2460, 263, 'Alvaredo'),
(2461, 263, 'Castro Laboreiro e Lamas de Mouro'),
(2462, 263, 'Chaviães e Paços'),
(2463, 263, 'Cousso'),
(2464, 263, 'Cristoval'),
(2465, 263, 'Fiães'),
(2466, 263, 'Gave'),
(2467, 263, 'Paderne'),
(2468, 263, 'Parada do Monte e Cubalhão'),
(2469, 263, 'Penso'),
(2470, 263, 'Prado e Remoães'),
(2471, 263, 'São Paio'),
(2472, 263, 'Vila e Roussas'),
(2473, 264, 'Abedim'),
(2474, 264, 'Anhões e Luzio'),
(2475, 264, 'Barbeita'),
(2476, 264, 'Barroças e Taias'),
(2477, 264, 'Bela'),
(2478, 264, 'Cambeses'),
(2479, 264, 'Ceivães e Badim'),
(2480, 264, 'Lara'),
(2481, 264, 'Longos Vales'),
(2482, 264, 'Mazedo e Cortes'),
(2483, 264, 'Merufe'),
(2484, 264, 'Messegães, Valadares e Sá'),
(2485, 264, 'Monção e Troviscoso'),
(2486, 264, 'Moreira'),
(2487, 264, 'Pias'),
(2488, 264, 'Pinheiros'),
(2489, 264, 'Podame'),
(2490, 264, 'Portela'),
(2491, 264, 'Riba de Mouro'),
(2492, 264, 'Sago, Lordelo e Parada'),
(2493, 264, 'Segude'),
(2494, 264, 'Tangil'),
(2495, 264, 'Troporiz e Lapela'),
(2496, 264, 'Trute'),
(2497, 265, 'Agualonga'),
(2498, 265, 'Bico e Cristelo'),
(2499, 265, 'Castanheira'),
(2500, 265, 'Cossourado e Linhares'),
(2501, 265, 'Coura'),
(2502, 265, 'Cunha'),
(2503, 265, 'Formariz e Ferreira'),
(2504, 265, 'Infesta'),
(2505, 265, 'Insalde e Porreiras'),
(2506, 265, 'Mozelos'),
(2507, 265, 'Padornelo'),
(2508, 265, 'Parada'),
(2509, 265, 'Paredes de Coura e Resende'),
(2510, 265, 'Romarigães'),
(2511, 265, 'Rubiães'),
(2512, 265, 'Vascões'),
(2513, 266, 'Azias'),
(2514, 266, 'Boivães'),
(2515, 266, 'Bravães'),
(2516, 266, 'Britelo'),
(2517, 266, 'Castro, Ruivos e Grovelas'),
(2518, 266, 'Cuide de Vila Verde'),
(2519, 266, 'Entre Ambos-Os-Rios, Ermida e Germil'),
(2520, 266, 'Lavradas'),
(2521, 266, 'Lindoso'),
(2522, 266, 'Nogueira'),
(2523, 266, 'Oleiros'),
(2524, 266, 'Ponte da Barca, V.N. Muía, Paço Vedro Magalhães'),
(2525, 266, 'Sampriz'),
(2526, 266, 'Touvedo (São Lourenço e Salvador)'),
(2527, 266, 'Vade (São Pedro)'),
(2528, 266, 'Vade (São Tomé)'),
(2529, 266, 'Vila Chã (São João Baptista e Santiago)'),
(2530, 267, 'Anais'),
(2531, 267, 'Arca e Ponte de Lima'),
(2532, 267, 'Arcozelo'),
(2533, 267, 'Ardegão, Freixo e Mato'),
(2534, 267, 'Associação de Freguesias do Vale do Neiva'),
(2535, 267, 'Bárrio e Cepões'),
(2536, 267, 'Beiral do Lima'),
(2537, 267, 'Bertiandos'),
(2538, 267, 'Boalhosa'),
(2539, 267, 'Brandara'),
(2540, 267, 'Cabaços e Fojo Lobal'),
(2541, 267, 'Cabração e Moreira do Lima'),
(2542, 267, 'Calheiros'),
(2543, 267, 'Calvelo'),
(2544, 267, 'Correlhã'),
(2545, 267, 'Estorãos'),
(2546, 267, 'Facha'),
(2547, 267, 'Feitosa'),
(2548, 267, 'Fontão'),
(2549, 267, 'Fornelas e Queijada'),
(2550, 267, 'Friastelas'),
(2551, 267, 'Gandra'),
(2552, 267, 'Gemieira'),
(2553, 267, 'Gondufe'),
(2554, 267, 'Labruja'),
(2555, 267, 'Labrujó, Rendufe e Vilar do Monte'),
(2556, 267, 'Naió e Vitorino dos Piães'),
(2557, 267, 'Poiares'),
(2558, 267, 'Rebordões (Santa Maria)'),
(2559, 267, 'Rebordões (Souto)'),
(2560, 267, 'Refóios do Lima'),
(2561, 267, 'Ribeira'),
(2562, 267, 'Sá'),
(2563, 267, 'Santa Comba'),
(2564, 267, 'Santa Cruz de Lima'),
(2565, 267, 'São Pedro de Arcos'),
(2566, 267, 'Seara'),
(2567, 267, 'Serdelo'),
(2568, 267, 'Vitorino das Donas'),
(2569, 268, 'Boivão'),
(2570, 268, 'Cerdal'),
(2571, 268, 'Fontoura'),
(2572, 268, 'Friestas'),
(2573, 268, 'Gandra e Taião'),
(2574, 268, 'Ganfei'),
(2575, 268, 'Gondomil e Sanfins'),
(2576, 268, 'São Julião e Silva'),
(2577, 268, 'São Pedro da Torre'),
(2578, 268, 'Valença, Cristelo Covo e Arão'),
(2579, 268, 'Verdoejo'),
(2580, 269, 'Afife'),
(2581, 269, 'Alvarães'),
(2582, 269, 'Amonde'),
(2583, 269, 'Areosa'),
(2584, 269, 'Barroselas e Carvoeiro'),
(2585, 269, 'Cardielos e Serreleis'),
(2586, 269, 'Carreço'),
(2587, 269, 'Castelo do Neiva'),
(2588, 269, 'Chafé'),
(2589, 269, 'Darque'),
(2590, 269, 'Freixeiro de Soutelo'),
(2591, 269, 'Geraz do Lima (S.Maria, S.Leocádia, Moreira), Deão'),
(2592, 269, 'Lanheses'),
(2593, 269, 'Mazarefes e Vila Fria'),
(2594, 269, 'Montaria'),
(2595, 269, 'Mujães'),
(2596, 269, 'Nogueira, Meixedo e Vilar de Murteda'),
(2597, 269, 'Outeiro'),
(2598, 269, 'Perre'),
(2599, 269, 'Santa Maria Maior e Monserrate e Meadela'),
(2600, 269, 'Santa Marta de Portuzelo'),
(2601, 269, 'São Romão de Neiva'),
(2602, 269, 'Subportela, Deocriste e Portela Susã'),
(2603, 269, 'Torre e Vila Mou'),
(2604, 269, 'Vila de Punhe'),
(2605, 269, 'Vila Franca'),
(2606, 269, 'Vila Nova de Anha'),
(2607, 270, 'Campos e Vila Meã'),
(2608, 270, 'Candemil e Gondar'),
(2609, 270, 'Cornes'),
(2610, 270, 'Covas'),
(2611, 270, 'Gondarém'),
(2612, 270, 'Loivo'),
(2613, 270, 'Mentrestido'),
(2614, 270, 'Reboreda e Nogueira'),
(2615, 270, 'Sapardos'),
(2616, 270, 'Sopo'),
(2617, 270, 'Vila Nova de Cerveira e Lovelhe'),
(2618, 271, 'Alijó'),
(2619, 271, 'Carlão e Amieiro'),
(2620, 271, 'Castedo e Cotas'),
(2621, 271, 'Favaios'),
(2622, 271, 'Pegarinhos'),
(2623, 271, 'Pinhão'),
(2624, 271, 'Pópulo e Ribalonga'),
(2625, 271, 'Sanfins do Douro'),
(2626, 271, 'Santa Eugénia'),
(2627, 271, 'São Mamede de Ribatua'),
(2628, 271, 'Vale Mendiz, Casal Loivos, Vilarinho Cotas'),
(2629, 271, 'Vila Chã'),
(2630, 271, 'Vila Verde'),
(2631, 271, 'Vilar de Maçada'),
(2632, 272, 'Alturas do Barroso e Cerdedo'),
(2633, 272, 'Ardãos e Bobadela'),
(2634, 272, 'Beça'),
(2635, 272, 'Boticas e Granja'),
(2636, 272, 'Codessoso, Curros e Fiães do Tâmega'),
(2637, 272, 'Covas do Barroso'),
(2638, 272, 'Dornelas'),
(2639, 272, 'Pinho'),
(2640, 272, 'Sapiãos'),
(2641, 272, 'Vilar e Viveiro'),
(2642, 273, 'Águas Frias'),
(2643, 273, 'Anelhe'),
(2644, 273, 'Bustelo'),
(2645, 273, 'Calvão e Soutelinho da Raia'),
(2646, 273, 'Cimo de Vila de Castanheira'),
(2647, 273, 'Curalha'),
(2648, 273, 'Eiras, São Julião de Montenegro e Cela'),
(2649, 273, 'Ervededo'),
(2650, 273, 'Faiões'),
(2651, 273, 'Lama de Arcos'),
(2652, 273, 'Loivos e Póvoa de Agrações'),
(2653, 273, 'Madalena e Samaiões'),
(2654, 273, 'Mairos'),
(2655, 273, 'Moreiras'),
(2656, 273, 'Nogueira da Montanha'),
(2657, 273, 'Oura'),
(2658, 273, 'Outeiro Seco'),
(2659, 273, 'Paradela'),
(2660, 273, 'Planalto de Monforte (Oucidres e Bobadela)'),
(2661, 273, 'Redondelo'),
(2662, 273, 'Sanfins'),
(2663, 273, 'Santa Cruz/Trindade e Sanjurge'),
(2664, 273, 'Santa Leocádia'),
(2665, 273, 'Santa Maria Maior'),
(2666, 273, 'Santo António de Monforte'),
(2667, 273, 'Santo Estevão'),
(2668, 273, 'São Pedro de Agostem'),
(2669, 273, 'São Vicente'),
(2670, 273, 'Soutelo e Seara Velha'),
(2671, 273, 'Travancas e Roriz'),
(2672, 273, 'Tronco'),
(2673, 273, 'Vale de Anta'),
(2674, 273, 'Vidago, Arcossó, Selhariz, Vilarinho Paranheiras'),
(2675, 273, 'Vila Verde de Raia'),
(2676, 273, 'Vilar de Nantes'),
(2677, 273, 'Vilarelho da Raia'),
(2678, 273, 'Vilas Boas'),
(2679, 273, 'Vilela do Tâmega'),
(2680, 273, 'Vilela Seca'),
(2681, 274, 'Barqueiras'),
(2682, 274, 'Cidadelhe'),
(2683, 274, 'Mesão Frio (Santo André)'),
(2684, 274, 'Oliveira'),
(2685, 274, 'Vila Marim'),
(2686, 275, 'Atei'),
(2687, 275, 'Bilhó'),
(2688, 275, 'Campanhó e Paradança'),
(2689, 275, 'Ermelo e Pardelhas'),
(2690, 275, 'Mondim de Basto'),
(2691, 275, 'Vilar de Ferreiros'),
(2692, 276, 'Cabril'),
(2693, 276, 'Cambeses do Rio, Donões e Mourilhe'),
(2694, 276, 'Cervos'),
(2695, 276, 'Chã'),
(2696, 276, 'Covelo do Gerez'),
(2697, 276, 'Ferral'),
(2698, 276, 'Gralhas'),
(2699, 276, 'Meixedo e Padornelos'),
(2700, 276, 'Montalegre e Padroso'),
(2701, 276, 'Morgade'),
(2702, 276, 'Negrões'),
(2703, 276, 'Outeiro'),
(2704, 276, 'Paradela, Contim e Fiães'),
(2705, 276, 'Pitões das Junias'),
(2706, 276, 'Reigoso'),
(2707, 276, 'Salto'),
(2708, 276, 'Santo André'),
(2709, 276, 'Sarraquinhos'),
(2710, 276, 'Sezelhe e Covelães'),
(2711, 276, 'Solveira'),
(2712, 276, 'Tourém'),
(2713, 276, 'Venda Nova e Pondras'),
(2714, 276, 'Viade de Baixo e Fervidelas'),
(2715, 276, 'Vila da Ponte'),
(2716, 276, 'Vilar de Perdizes e Meixide'),
(2717, 277, 'Candedo'),
(2718, 277, 'Carva e Vilares'),
(2719, 277, 'Fiolhoso'),
(2720, 277, 'Jou'),
(2721, 277, 'Murça'),
(2722, 277, 'Noura e Palheiros'),
(2723, 277, 'Valongo e Milhais'),
(2724, 278, 'Fontelas'),
(2725, 278, 'Galafura e Covelinhas'),
(2726, 278, 'Loureira'),
(2727, 278, 'Moura Morta e Vinhós'),
(2728, 278, 'Peso da Régua e Godim'),
(2729, 278, 'Poiares e Canelas'),
(2730, 278, 'Sedielos'),
(2731, 278, 'Vilarinho dos Freires'),
(2732, 279, 'Alvadia'),
(2733, 279, 'Canedo'),
(2734, 279, 'Cerva e Limões'),
(2735, 279, 'Salvador e Santo Aleixo de Além-Tâmega'),
(2736, 279, 'Santa Marinha'),
(2737, 280, 'Celeirós'),
(2738, 280, 'Covas do Douro'),
(2739, 280, 'Gouvinhas'),
(2740, 280, 'Paços'),
(2741, 280, 'Parada de Pinhão'),
(2742, 280, 'Provesende, Gouvães Douro, S.Cristóvão Douro'),
(2743, 280, 'Sabrosa'),
(2744, 280, 'São Lourenço de Ribapinhão'),
(2745, 280, 'São Martinho de Antas e Paradela de Guiães'),
(2746, 280, 'Souto Maior'),
(2747, 280, 'Torre do Pinhão'),
(2748, 280, 'Vilarinho de São Romão'),
(2749, 281, 'Alvações do Corgo'),
(2750, 281, 'Cumieira'),
(2751, 281, 'Fontes'),
(2752, 281, 'Lobrigos (S.Miguel e S.João Baptista) e Sanhoane'),
(2753, 281, 'Louredo e Fornelos'),
(2754, 281, 'Medrões'),
(2755, 281, 'Sever'),
(2756, 282, 'Água Revês e Crasto'),
(2757, 282, 'Argeriz'),
(2758, 282, 'Bouçoães'),
(2759, 282, 'Canaveses'),
(2760, 282, 'Carrazedo de Montenegro e Curros'),
(2761, 282, 'Ervões'),
(2762, 282, 'Fornos do Pinhal'),
(2763, 282, 'Friões'),
(2764, 282, 'Lebução, Fiães e Nozelos'),
(2765, 282, 'Padrelo e Tázem'),
(2766, 282, 'Possacos'),
(2767, 282, 'Rio Torto'),
(2768, 282, 'Santa Maria de Emeres'),
(2769, 282, 'Santa Valha'),
(2770, 282, 'Santiago Ribeira de Alhariz'),
(2771, 282, 'São João de Corveira'),
(2772, 282, 'São Pedro de Veiga de Lila'),
(2773, 282, 'Serapicos'),
(2774, 282, 'Sonim e Barreiros'),
(2775, 282, 'Tinhela e Alvarelhos'),
(2776, 282, 'Vales'),
(2777, 282, 'Valpaços e Sanfins'),
(2778, 282, 'Vassal'),
(2779, 282, 'Veiga de Lila'),
(2780, 282, 'Vilarandelo'),
(2781, 283, 'Alfarela de Jales'),
(2782, 283, 'Alvão'),
(2783, 283, 'Bornes de Aguiar'),
(2784, 283, 'Bragado'),
(2785, 283, 'Capeludos'),
(2786, 283, 'Pensalvos e Parada de Monteiros'),
(2787, 283, 'Sabroso de Aguiar'),
(2788, 283, 'Soutelo de Aguiar'),
(2789, 283, 'Telões'),
(2790, 283, 'Tresminas'),
(2791, 283, 'Valoura'),
(2792, 283, 'Vila Pouca de Aguiar'),
(2793, 283, 'Vreia de Bornes'),
(2794, 283, 'Vreia de Jales'),
(2795, 284, 'Abaças'),
(2796, 284, 'Adoufe e Vilarinho de Samardã'),
(2797, 284, 'Andrães'),
(2798, 284, 'Arroios'),
(2799, 284, 'Bordela e Lamas de Olo'),
(2800, 284, 'Campeã'),
(2801, 284, 'Constantim e Vale de Nogueiras'),
(2802, 284, 'Folhadela'),
(2803, 284, 'Guiães'),
(2804, 284, 'Lordelo'),
(2805, 284, 'Mateus'),
(2806, 284, 'Mondrões'),
(2807, 284, 'Mouçós e Lamares'),
(2808, 284, 'Nogueira e Ermida'),
(2809, 284, 'Parada de Cunhos'),
(2810, 284, 'Pena, Quintã e Vila Cova'),
(2811, 284, 'São Tomé do Castelo e Justes'),
(2812, 284, 'Torgueda'),
(2813, 284, 'União das freguesias de Vila Real'),
(2814, 284, 'Vila Marim'),
(2815, 285, 'Aldeias'),
(2816, 285, 'Aricera de Goujoim'),
(2817, 285, 'Armamar'),
(2818, 285, 'Cimbres'),
(2819, 285, 'Folgosa'),
(2820, 285, 'Fontelo'),
(2821, 285, 'Queimada'),
(2822, 285, 'Queimadela'),
(2823, 285, 'Santa Cruz'),
(2824, 285, 'São Cosmado'),
(2825, 285, 'São Martinho das Chãs'),
(2826, 285, 'São Romão e Santiago'),
(2827, 285, 'Vacalar'),
(2828, 285, 'Vila Seca e Santo Adrião'),
(2829, 286, 'Beijós'),
(2830, 286, 'Cabanas de Viriato'),
(2831, 286, 'Currelos, Papízios e Sobral'),
(2832, 286, 'Oliveira do Conde'),
(2833, 286, 'Parada'),
(2834, 287, 'Almofala'),
(2835, 287, 'Cabril'),
(2836, 287, 'Castro Daire'),
(2837, 287, 'Cujó'),
(2838, 287, 'Gosende'),
(2839, 287, 'Mamouros, Alva e Ribolhos'),
(2840, 287, 'Mezio e Moura Morta'),
(2841, 287, 'Mões'),
(2842, 287, 'Moledo'),
(2843, 287, 'Monteiras'),
(2844, 287, 'Parada de Ester e Ester'),
(2845, 287, 'Pepim'),
(2846, 287, 'Picão e Ermida'),
(2847, 287, 'Pinheiro'),
(2848, 287, 'Reriz e Gafanhão'),
(2849, 287, 'São Joaninho'),
(2850, 288, 'Alhões, Bustelo, Gralheira e Ramires'),
(2851, 288, 'Cinfães'),
(2852, 288, 'Espadanedo'),
(2853, 288, 'Ferreiros de Tendais'),
(2854, 288, 'Fornelos'),
(2855, 288, 'Moimenta'),
(2856, 288, 'Nespereira'),
(2857, 288, 'Oliveira'),
(2858, 288, 'Santiago de Piães'),
(2859, 288, 'São Cristóvão de Nogueira'),
(2860, 288, 'Souselo'),
(2861, 288, 'Tarouquela'),
(2862, 288, 'Tendais'),
(2863, 288, 'Travanca'),
(2864, 289, 'Avões'),
(2865, 289, 'Bigorne, Magueija e Pretarouca'),
(2866, 289, 'Britiante'),
(2867, 289, 'Cambres'),
(2868, 289, 'Cepões, Meijinhos e Melcões'),
(2869, 289, 'Ferreirim'),
(2870, 289, 'Ferreiros de Avões'),
(2871, 289, 'Figueira'),
(2872, 289, 'Lalim'),
(2873, 289, 'Lamego (Almacave e Sé)'),
(2874, 289, 'Lazarim'),
(2875, 289, 'Parada do Bispo e Valdigem'),
(2876, 289, 'Penajóia'),
(2877, 289, 'Penude'),
(2878, 289, 'Samodães'),
(2879, 289, 'Sande'),
(2880, 289, 'Várzea de Abrunhais'),
(2881, 289, 'Vila Nova Souto D´El-Rei'),
(2882, 290, 'Abrunhosa-a-Velha'),
(2883, 290, 'Alcafache'),
(2884, 290, 'Cunha Baixa'),
(2885, 290, 'Espinho'),
(2886, 290, 'Fornos de Maceira Dão'),
(2887, 290, 'Freixiosa'),
(2888, 290, 'Mangualde, Mesquitela e Cunha Alta'),
(2889, 290, 'Moimenta de Maceira Dão e Lobelhe do Mato'),
(2890, 290, 'Quintela de Azurara'),
(2891, 290, 'Santiago de Cassurrães e Póvoa de Cervães'),
(2892, 290, 'São João da Fresta'),
(2893, 290, 'Tavares (Chãs, Várzea e Travanca)'),
(2894, 291, 'Alvite'),
(2895, 291, 'Arcozelos'),
(2896, 291, 'Baldos'),
(2897, 291, 'Cabaços'),
(2898, 291, 'Caria'),
(2899, 291, 'Castelo'),
(2900, 291, 'Leomil'),
(2901, 291, 'Moimenta da Beira'),
(2902, 291, 'Paradinha e Nagosa'),
(2903, 291, 'Passô'),
(2904, 291, 'Pêra Velha, Aldeia de Nacomba e Ariz'),
(2905, 291, 'Peva e Segões'),
(2906, 291, 'Rua'),
(2907, 291, 'Sarzedo'),
(2908, 291, 'Sever'),
(2909, 291, 'Vilar'),
(2910, 292, 'Cercosa'),
(2911, 292, 'Espinho'),
(2912, 292, 'Marmeleira'),
(2913, 292, 'Mortágua, Vale de Remígio, Cortegaça e Almaça'),
(2914, 292, 'Pala'),
(2915, 292, 'Sobral'),
(2916, 292, 'Trezói'),
(2917, 293, 'Canas de Senhorim'),
(2918, 293, 'Carvalhal Redondo e Aguieira'),
(2919, 293, 'Lapa do Lobo'),
(2920, 293, 'Nelas'),
(2921, 293, 'Santar e Moreira'),
(2922, 293, 'Senhorim'),
(2923, 293, 'Vilar Seco'),
(2924, 294, 'Arca e Varzielas'),
(2925, 294, 'Arcozelo das Maias'),
(2926, 294, 'Destriz e Reigoso'),
(2927, 294, 'Oliveira de Frades, Souto de Lafões e Sejães'),
(2928, 294, 'Pinheiro'),
(2929, 294, 'Ribeiradio'),
(2930, 294, 'São João da Serra'),
(2931, 294, 'São Vicente de Lafões'),
(2932, 295, 'Antas e Matela'),
(2933, 295, 'Castelo de Penalva'),
(2934, 295, 'Esmolfe'),
(2935, 295, 'Germil'),
(2936, 295, 'Insua'),
(2937, 295, 'Lusinde'),
(2938, 295, 'Pindo'),
(2939, 295, 'Real'),
(2940, 295, 'Sezures'),
(2941, 295, 'Trancozelos'),
(2942, 295, 'Vila Cova do Covelo/Mareco'),
(2943, 296, 'Antas e Ourozinho'),
(2944, 296, 'Beselga'),
(2945, 296, 'Castainço'),
(2946, 296, 'Penedono e Granja'),
(2947, 296, 'Penela da Beira'),
(2948, 296, 'Póvoa de Penela'),
(2949, 296, 'Souto'),
(2950, 297, 'Anreade e São Romão de Aregos'),
(2951, 297, 'Barrô'),
(2952, 297, 'Cárquere'),
(2953, 297, 'Felgueiras e Feirão'),
(2954, 297, 'Freigil e Miomães'),
(2955, 297, 'Ovadas e Panchorra'),
(2956, 297, 'Paus'),
(2957, 297, 'Resende'),
(2958, 297, 'São Cipriano'),
(2959, 297, 'São João de Fontoura'),
(2960, 297, 'São Martinho de Mouros'),
(2961, 298, 'Ovoa e Vimieiro'),
(2962, 298, 'Pinheiro de Ázere'),
(2963, 298, 'Santa Comba Dão e Couto do Mosteiro'),
(2964, 298, 'São Joaninho'),
(2965, 298, 'São João de Areias'),
(2966, 298, 'Treixedo e Nagozela'),
(2967, 299, 'Castanheiro do Sul'),
(2968, 299, 'Ervedosa do Douro'),
(2969, 299, 'Nagoselo do Douro'),
(2970, 299, 'Paredes da Beira'),
(2971, 299, 'Riodades'),
(2972, 299, 'São João da Pesqueira e Várzea de Trevões'),
(2973, 299, 'Soutelo do Douro'),
(2974, 299, 'Trevões e Espinhosa'),
(2975, 299, 'Vale de Figueira'),
(2976, 299, 'Valongo dos Azeites'),
(2977, 299, 'Vilarouco e Pereiros'),
(2978, 300, 'Bordonhos'),
(2979, 300, 'Carvalhais e Candal'),
(2980, 300, 'Figueiredo de Alva'),
(2981, 300, 'Manhouce'),
(2982, 300, 'Pindelo dos Milagres'),
(2983, 300, 'Pinho'),
(2984, 300, 'Santa Cruz da Trapa e São Cristóvão de Lafões'),
(2985, 300, 'São Félix'),
(2986, 300, 'São Martinho das Moitas e Covas do Rio'),
(2987, 300, 'São Pedro do Sul, Várzea e Baiões'),
(2988, 300, 'Serrazes'),
(2989, 300, 'Sul'),
(2990, 300, 'Valadares'),
(2991, 300, 'Vila Maior'),
(2992, 301, 'Águas Boas e Forles'),
(2993, 301, 'Avelal'),
(2994, 301, 'Ferreira de Aves'),
(2995, 301, 'Mioma'),
(2996, 301, 'Rio de Moinhos'),
(2997, 301, 'Romãs, Decermilo e Vila Longa'),
(2998, 301, 'São Miguel de Vila Boa'),
(2999, 301, 'Sátão'),
(3000, 301, 'Silvã de Cima'),
(3001, 302, 'Arnas'),
(3002, 302, 'Carregal'),
(3003, 302, 'Chosendo'),
(3004, 302, 'Cunha'),
(3005, 302, 'Faia'),
(3006, 302, 'Ferreirim e Macieira'),
(3007, 302, 'Fonte Arcada e Escurquela'),
(3008, 302, 'Granjal'),
(3009, 302, 'Lamosa'),
(3010, 302, 'Penso e Freixinho'),
(3011, 302, 'Quintela'),
(3012, 302, 'Sernancelhe e Sarzeda'),
(3013, 302, 'Vila da Ponte'),
(3014, 303, 'Adorigo'),
(3015, 303, 'Arcos'),
(3016, 303, 'Barcos e Santa Leocádia'),
(3017, 303, 'Chavões'),
(3018, 303, 'Desejosa'),
(3019, 303, 'Granja do Tedo'),
(3020, 303, 'Longa'),
(3021, 303, 'Paradela e Granjinha'),
(3022, 303, 'Pinheiros e Vale de Figueira'),
(3023, 303, 'Sendim'),
(3024, 303, 'Tabuaço'),
(3025, 303, 'Távora e Pereiro'),
(3026, 303, 'Valença do Douro'),
(3027, 304, 'Gouviães e Ucanha'),
(3028, 304, 'Granja Nova e Vila Chã da Beira'),
(3029, 304, 'Mondim da Beira'),
(3030, 304, 'Salzedas'),
(3031, 304, 'São João de Tarouca'),
(3032, 304, 'Tarouca e Dálvares'),
(3033, 304, 'Várzea da Serra'),
(3034, 305, 'Barreiro de Besteiros e Tourigo'),
(3035, 305, 'Campo de Besteiros'),
(3036, 305, 'Canas de Santa Maria'),
(3037, 305, 'Caparrosa e Silvares'),
(3038, 305, 'Castelões'),
(3039, 305, 'Dardavaz'),
(3040, 305, 'Ferreirós do Dão'),
(3041, 305, 'Guardão'),
(3042, 305, 'Lajeosa do Dão'),
(3043, 305, 'Lobão da Beira'),
(3044, 305, 'Molelos'),
(3045, 305, 'Mouraz e Vila Nova da Rainha'),
(3046, 305, 'Parada de Gonta'),
(3047, 305, 'Santiago de Besteiros'),
(3048, 305, 'São João do Monte e Mosteirinho'),
(3049, 305, 'São Miguel do Outeiro e Sabugosa'),
(3050, 305, 'Tonda'),
(3051, 305, 'Tondela e Nandufe'),
(3052, 305, 'Vilar de Besteiros e Mosteiro de Fráguas'),
(3053, 306, 'Pendilhe'),
(3054, 306, 'Queiriga'),
(3055, 306, 'Touro'),
(3056, 306, 'Vila Cova à Coelheira'),
(3057, 306, 'Vila Nova de Paiva, Alhais e Fráguas'),
(3058, 307, 'Abraveses'),
(3059, 307, 'Barreiros e Cepões'),
(3060, 307, 'Boa Aldeia, Farminhão e Torredeita'),
(3061, 307, 'Bodiosa'),
(3062, 307, 'Calde'),
(3063, 307, 'Campo'),
(3064, 307, 'Cavernães'),
(3065, 307, 'Cota'),
(3066, 307, 'Couto de Baixo e Couto de Cima'),
(3067, 307, 'Faíl e Vila Chã de Sá'),
(3068, 307, 'Fragosela'),
(3069, 307, 'Lordosa'),
(3070, 307, 'Mundão'),
(3071, 307, 'Orgens'),
(3072, 307, 'Povolide'),
(3073, 307, 'Ranhados'),
(3074, 307, 'Repeses e São Salvador'),
(3075, 307, 'Ribafeita'),
(3076, 307, 'Rio de Loba'),
(3077, 307, 'Santos Evos'),
(3078, 307, 'São Cipriano e Vil de Souto'),
(3079, 307, 'São João de Lourosa'),
(3080, 307, 'São Pedro de France'),
(3081, 307, 'Silgueiros'),
(3082, 307, 'Viseu'),
(3083, 308, 'Alcofra'),
(3084, 308, 'Cambra e Carvalhal de vermilhas'),
(3085, 308, 'Campia'),
(3086, 308, 'Fataunços e Figueiredo das Donas'),
(3087, 308, 'Fornelo do Monte'),
(3088, 308, 'Queirã'),
(3089, 308, 'São Miguel do Mato'),
(3090, 308, 'Ventosa'),
(3091, 308, 'Vouzela e Paços de Vilharigues');

-- --------------------------------------------------------

--
-- Estrutura da tabela `logins`
--

CREATE TABLE `logins` (
  `log_id` int(11) NOT NULL,
  `log_email` varchar(100) NOT NULL,
  `log_senha` varchar(100) NOT NULL,
  `log_type` int(11) NOT NULL
) ENGINE=InnoDB DEFAULT CHARSET=utf8mb4;

--
-- Extraindo dados da tabela `logins`
--

INSERT INTO `logins` (`log_id`, `log_email`, `log_senha`, `log_type`) VALUES
(1, 'admin@mail.com', 'MTIz', 0),
(2, 'user@mail.com', 'MTIz', 2);

-- --------------------------------------------------------

--
-- Estrutura da tabela `menu`
--

CREATE TABLE `menu` (
  `men_id` int(11) NOT NULL,
  `men_nome` varchar(50) NOT NULL,
  `men_price` decimal(11,0) NOT NULL,
  `men_pic` varchar(50) NOT NULL,
  `men_desc` int(11) NOT NULL
) ENGINE=InnoDB DEFAULT CHARSET=utf8mb4;

--
-- Extraindo dados da tabela `menu`
--

INSERT INTO `menu` (`men_id`, `men_nome`, `men_price`, `men_pic`, `men_desc`) VALUES
(1, 'Pizza de Pepperoni', '15', 'pizza-pepp.png', 0),
(2, 'Pizza de Chocolate', '20', 'pizza-choc.jpg', 0),
(3, 'Pizza Carbonara', '15', 'pizza-car.jpg', 0),
(4, 'Pizza Vegetariana', '25', 'pizza-veg.jpg', 0);

--
-- Índices para tabelas despejadas
--

--
-- Índices para tabela `backlog`
--
ALTER TABLE `backlog`
  ADD PRIMARY KEY (`log_id`);

--
-- Índices para tabela `cliente`
--
ALTER TABLE `cliente`
  ADD PRIMARY KEY (`client_id`);

--
-- Índices para tabela `concelhos`
--
ALTER TABLE `concelhos`
  ADD PRIMARY KEY (`concelhoid`);

--
-- Índices para tabela `distritos`
--
ALTER TABLE `distritos`
  ADD PRIMARY KEY (`distritosid`);

--
-- Índices para tabela `encomenda`
--
ALTER TABLE `encomenda`
  ADD PRIMARY KEY (`enc_id`);

--
-- Índices para tabela `freguesias`
--
ALTER TABLE `freguesias`
  ADD PRIMARY KEY (`freguesiaid`);

--
-- Índices para tabela `logins`
--
ALTER TABLE `logins`
  ADD PRIMARY KEY (`log_id`);

--
-- Índices para tabela `menu`
--
ALTER TABLE `menu`
  ADD PRIMARY KEY (`men_id`);

--
-- AUTO_INCREMENT de tabelas despejadas
--

--
-- AUTO_INCREMENT de tabela `backlog`
--
ALTER TABLE `backlog`
  MODIFY `log_id` int(11) NOT NULL AUTO_INCREMENT, AUTO_INCREMENT=2;

--
-- AUTO_INCREMENT de tabela `cliente`
--
ALTER TABLE `cliente`
  MODIFY `client_id` int(11) NOT NULL AUTO_INCREMENT, AUTO_INCREMENT=7;

--
-- AUTO_INCREMENT de tabela `concelhos`
--
ALTER TABLE `concelhos`
  MODIFY `concelhoid` int(11) NOT NULL AUTO_INCREMENT, AUTO_INCREMENT=309;

--
-- AUTO_INCREMENT de tabela `distritos`
--
ALTER TABLE `distritos`
  MODIFY `distritosid` int(11) NOT NULL AUTO_INCREMENT, AUTO_INCREMENT=30;

--
-- AUTO_INCREMENT de tabela `encomenda`
--
ALTER TABLE `encomenda`
  MODIFY `enc_id` int(11) NOT NULL AUTO_INCREMENT, AUTO_INCREMENT=28;

--
-- AUTO_INCREMENT de tabela `freguesias`
--
ALTER TABLE `freguesias`
  MODIFY `freguesiaid` int(11) NOT NULL AUTO_INCREMENT, AUTO_INCREMENT=3092;

--
-- AUTO_INCREMENT de tabela `logins`
--
ALTER TABLE `logins`
  MODIFY `log_id` int(11) NOT NULL AUTO_INCREMENT, AUTO_INCREMENT=3;

--
-- AUTO_INCREMENT de tabela `menu`
--
ALTER TABLE `menu`
  MODIFY `men_id` int(11) NOT NULL AUTO_INCREMENT, AUTO_INCREMENT=5;
COMMIT;

/*!40101 SET CHARACTER_SET_CLIENT=@OLD_CHARACTER_SET_CLIENT */;
/*!40101 SET CHARACTER_SET_RESULTS=@OLD_CHARACTER_SET_RESULTS */;
/*!40101 SET COLLATION_CONNECTION=@OLD_COLLATION_CONNECTION */;
